Workbook

Sheet Regression_Dashboard
A1: Moodle Regression Testing - Dashboard
A2: QA updates Case_Status (Pass/Fail/Blocked) on each module sheet as cases are executed. Executed = automated cases run (Pass/Fail/Blocked). Not Automatable = Automated=No. Not Executed = Total - Executed - Not Automatable. Completion % = Executed / (Total - Not Automatable). Assessment_Activity_Creation = assessment_create.feature TC-1..TC-47 (47). Assessment_User_Functionality = assessment_user_functionality.feature @A-user-1..24 (24).
A4: S.No | B4: Feature Module | C4: Total Test Cases | D4: QA Assigned | E4: Executed | F4: Not Automatable | G4: Deferred | H4: Completion %
A5: 1 | B5: Moodle_users | C5: 49 | E5: 32 | F5: 17 | G5: 0 | H5: 1
A6: 2 | B6: Upload_Users | C6: 48 | E6: 43 | F6: 5 | G6: 0 | H6: 1
A7: 3 | B7: All Course Page | C7: 110 | E7: 95 | F7: 15 | G7: 0 | H7: 1
A8: 4 | B8: Moodle_Sandbox_Labs | C8: 62 | E8: 53 | F8: 9 | G8: 0 | H8: 1
A9: 5 | B9: Assessment (Activity Creation + User Functionality) | C9: 372 | E9: 71 | F9: 0 | G9: 301 | H9: 0.19086022
A10: 6 | B10: Practice_Project | C10: 210 | E10: 114 | F10: 79 | G10: 17 | H10: 0.87022901
A11: 7 | B11: Moodle_Lab_Templates | C11: 84 | E11: 66 | F11: 18 | G11: 0 | H11: 1
A12: 8 | B12: Moodle settings | C12: 79 | E12: 79 | F12: 0 | G12: 0 | H12: 1
A13: 9 | B13: Moodle-Cloudlabs Integration | C13: 13 | E13: 11 | F13: 2 | G13: 0 | H13: 1
A14: 10 | B14: Sequential_Activity_Completion | C14: 28 | E14: 28 | F14: 0 | G14: 0 | H14: 1
A15: 11 | B15: Difficulty_Level_Configuration | C15: 16 | E15: 16 | F15: 0 | G15: 0 | H15: 1
A16: 12 | B16: Content_Integration_Git_URL | C16: 26 | E16: 9 | F16: 15 | G16: 2 | H16: 0.81818182
... A18: 14 | B18: Pre_Delivery_Lab_Checklist | C18: 76 | E18: 71 | F18: 5 | G18: 0 | H18: 1
B19: TOTAL | C19: 1217 | E19: 711 | F19: 186 | G19: 320 | H19: 0.68962173

Sheet Release_Regression_Plan
A1: Release Regression Plan - Smart Coverage (Smoke + Core, scoped per release)
A2: How to use this sheet for every release (not weekly - re-check this each time a new release's feature files are merged in):
A3: 1) Set 'Impacted This Release?' to Yes for every module this release's feature files touched (new sheets, or sheets that got new/changed rows). Leave No for untouched modules.
A4: 2) Assign a 'QA Assigned' owner per module so the release regression workload is split across the team by module.
A5: 3) Smoke tier cases run EVERY release regardless of impact (core happy-path safety net). Core tier only runs for Impacted modules. Extended tier is NOT part of the release plan - run it separately as a periodic full sweep (monthly/quarterly).
A6: 4) 'This Release's Planned Cases' and 'Planned Completion %' update automatically from the Regression_Tier and Case_Status columns (col J and col G) in each module sheet as QA executes.
A7: 5) Each test case sheet has a Regression_Tier column (Smoke / Core / Extended) - orange=Smoke, blue=Core, green=Extended. Priority (col F) has also been reviewed: Critical/High/Medium/Low.
A9: S.No | B9: Feature Module | C9: Total Cases | D9: Smoke | E9: Core | F9: Extended | G9: Impacted This Release? | H9: QA Assigned | I9: This Release's Planned Cases | J9: Planned Executed | K9: Automated | L9: Planned Completion % | M9: Automated
A10: 1 | B10: Moodle_users | C10: =COUNTA('Moodle_users'!B2:B2000) -> 49 | D10: =COUNTIF('Moodle_users'!J2:J2000,"Smoke") -> 5 | E10: =COUNTIF('Moodle_users'!J2:J2000,"Core") -> 24 | F10: =COUNTIF('Moodle_users'!J2:J2000,"Extended") -> 6 | I10: =D10+IF(G10="Yes",E10,0) -> 5 | J10: =SUMPRODUCT(('Moodle_users'!J2:J2000="Smoke")*((LOWER('Moodle_users'!G2:G2000)="pass")+(LOWER('Moodle_users'!G2:G2000)="fail")+(LOWER('Moodle_users'!G2:G2000)="failed")+(LOWER('Moodle_users'!G2:G2000)="blocked")+(LOWER('Moodle_users'!G2:G2000)="na")+(LOWER('Moodle_users'!G2:G2000)="n/a")+(LOWER('Moodle_users'!G2:G2000)="not applicable")))+IF(G10="Yes",SUMPRODUCT(('Moodle_users'!J2:J2000="Core")*((LOWER('Moodle_users'!G2:G2000)="pass")+(LOWER('Moodle_users'!G2:G2000)="fail")+(LOWER('Moodle_users'!G2:G2000)="failed")+(LOWER('Moodle_users'!G2:G2000)="blocked")+(LOWER('Moodle_users'!G2:G2000)="na")+(LOWER('Moodle_users'!G2:G2000)="n/a")+(LOWER('Moodle_users'!G2:G2000)="not applicable"))),0) -> 5 | K10: Yes | L10: =IF(I10=0,0,J10/I10) -> 1
A11: 2 | B11: Upload_Users | C11: =COUNTA('Upload_Users'!B2:B2000) -> 48 | D11: =COUNTIF('Upload_Users'!J2:J2000,"Smoke") -> 0 | E11: =COUNTIF('Upload_Users'!J2:J2000,"Core") -> 20 | F11: =COUNTIF('Upload_Users'!J2:J2000,"Extended") -> 28 | I11: =D11+IF(G11="Yes",E11,0) -> 0 | J11: =SUMPRODUCT(('Upload_Users'!J2:J2000="Smoke")*((LOWER('Upload_Users'!G2:G2000)="pass")+(LOWER('Upload_Users'!G2:G2000)="fail")+(LOWER('Upload_Users'!G2:G2000)="failed")+(LOWER('Upload_Users'!G2:G2000)="blocked")+(LOWER('Upload_Users'!G2:G2000)="na")+(LOWER('Upload_Users'!G2:G2000)="n/a")+(LOWER('Upload_Users'!G2:G2000)="not applicable")))+IF(G11="Yes",SUMPRODUCT(('Upload_Users'!J2:J2000="Core")*((LOWER('Upload_Users'!G2:G2000)="pass")+(LOWER('Upload_Users'!G2:G2000)="fail")+(LOWER('Upload_Users'!G2:G2000)="failed")+(LOWER('Upload_Users'!G2:G2000)="blocked")+(LOWER('Upload_Users'!G2:G2000)="na")+(LOWER('Upload_Users'!G2:G2000)="n/a")+(LOWER('Upload_Users'!G2:G2000)="not applicable"))),0) -> 0 | K11: Yes | L11: =IF(I11=0,0,J11/I11) -> 0
A12: 3 | B12: All Course Page | C12: =COUNTA('All Course Page '!B2:B2000) -> 110 | D12: =COUNTIF('All Course Page '!J2:J2000,"Smoke") -> 2 | E12: =COUNTIF('All Course Page '!J2:J2000,"Core") -> 89 | F12: =COUNTIF('All Course Page '!J2:J2000,"Extended") -> 19 | I12: =D12+IF(G12="Yes",E12,0) -> 2 | J12: =SUMPRODUCT(('All Course Page '!J2:J2000="Smoke")*((LOWER('All Course Page '!G2:G2000)="pass")+(LOWER('All Course Page '!G2:G2000)="fail")+(LOWER('All Course Page '!G2:G2000)="failed")+(LOWER('All Course Page '!G2:G2000)="blocked")+(LOWER('All Course Page '!G2:G2000)="na")+(LOWER('All Course Page '!G2:G2000)="n/a")+(LOWER('All Course Page '!G2:G2000)="not applicable")))+IF(G12="Yes",SUMPRODUCT(('All Course Page '!J2:J2000="Core")*((LOWER('All Course Page '!G2:G2000)="pass")+(LOWER('All Course Page '!G2:G2000)="fail")+(LOWER('All Course Page '!G2:G2000)="failed")+(LOWER('All Course Page '!G2:G2000)="blocked")+(LOWER('All Course Page '!G2:G2000)="na")+(LOWER('All Course Page '!G2:G2000)="n/a")+(LOWER('All Course Page '!G2:G2000)="not applicable"))),0) -> 2 | K12: Yes | L12: =IF(I12=0,0,J12/I12) -> 1
A13: 4 | B13: Moodle_Sandbox_Labs | C13: =COUNTA('Moodle_Sandbox_Labs'!B2:B2000) -> 62 | D13: =COUNTIF('Moodle_Sandbox_Labs'!J2:J2000,"Smoke") -> 1 | E13: =COUNTIF('Moodle_Sandbox_Labs'!J2:J2000,"Core") -> 20 | F13: =COUNTIF('Moodle_Sandbox_Labs'!J2:J2000,"Extended") -> 5 | I13: =D13+IF(G13="Yes",E13,0) -> 1 | J13: =SUMPRODUCT(('Moodle_Sandbox_Labs'!J2:J2000="Smoke")*((LOWER('Moodle_Sandbox_Labs'!G2:G2000)="pass")+(LOWER('Moodle_Sandbox_Labs'!G2:G2000)="fail")+(LOWER('Moodle_Sandbox_Labs'!G2:G2000)="failed")+(LOWER('Moodle_Sandbox_Labs'!G2:G2000)="blocked")+(LOWER('Moodle_Sandbox_Labs'!G2:G2000)="na")+(LOWER('Moodle_Sandbox_Labs'!G2:G2000)="n/a")+(LOWER('Moodle_Sandbox_Labs'!G2:G2000)="not applicable")))+IF(G13="Yes",SUMPRODUCT(('Moodle_Sandbox_Labs'!J2:J2000="Core")*((LOWER('Moodle_Sandbox_Labs'!G2:G2000)="pass")+(LOWER('Moodle_Sandbox_Labs'!G2:G2000)="fail")+(LOWER('Moodle_Sandbox_Labs'!G2:G2000)="failed")+(LOWER('Moodle_Sandbox_Labs'!G2:G2000)="blocked")+(LOWER('Moodle_Sandbox_Labs'!G2:G2000)="na")+(LOWER('Moodle_Sandbox_Labs'!G2:G2000)="n/a")+(LOWER('Moodle_Sandbox_Labs'!G2:G2000)="not applicable"))),0) -> 1 | K13: Yes | L13: =IF(I13=0,0,J13/I13) -> 1
A14: 5 | B14: Moodle_Assessment_Labs | C14: =COUNTA('Moodle_Assessment_Labs'!B2:B2000) -> 372 | D14: =COUNTIF('Moodle_Assessment_Labs'!J2:J2000,"Smoke") -> 12 | E14: =COUNTIF('Moodle_Assessment_Labs'!J2:J2000,"Core") -> 338 | F14: =COUNTIF('Moodle_Assessment_Labs'!J2:J2000,"Extended") -> 11 | I14: =D14+IF(G14="Yes",E14,0) -> 12 | J14: =SUMPRODUCT(('Moodle_Assessment_Labs'!J2:J2000="Smoke")*((LOWER('Moodle_Assessment_Labs'!G2:G2000)="pass")+(LOWER('Moodle_Assessment_Labs'!G2:G2000)="fail")+(LOWER('Moodle_Assessment_Labs'!G2:G2000)="failed")+(LOWER('Moodle_Assessment_Labs'!G2:G2000)="blocked")+(LOWER('Moodle_Assessment_Labs'!G2:G2000)="na")+(LOWER('Moodle_Assessment_Labs'!G2:G2000)="n/a")+(LOWER('Moodle_Assessment_Labs'!G2:G2000)="not applicable")))+IF(G14="Yes",SUMPRODUCT(('Moodle_Assessment_Labs'!J2:J2000="Core")*((LOWER('Moodle_Assessment_Labs'!G2:G2000)="pass")+(LOWER('Moodle_Assessment_Labs'!G2:G2000)="fail")+(LOWER('Moodle_Assessment_Labs'!G2:G2000)="failed")+(LOWER('Moodle_Assessment_Labs'!G2:G2000)="blocked")+(LOWER('Moodle_Assessment_Labs'!G2:G2000)="na")+(LOWER('Moodle_Assessment_Labs'!G2:G2000)="n/a")+(LOWER('Moodle_Assessment_Labs'!G2:G2000)="not applicable"))),0) -> 4 | K14: Inprogress | L14: =IF(I14=0,0,J14/I14) -> 0.33333333
A15: 6 | B15: Practice_Project | C15: =COUNTA('Practice_Project'!B2:B2000) -> 210 | D15: =COUNTIF('Practice_Project'!J2:J2000,"Smoke") -> 16 | E15: =COUNTIF('Practice_Project'!J2:J2000,"Core") -> 172 | F15: =COUNTIF('Practice_Project'!J2:J2000,"Extended") -> 10 | I15: =D15+IF(G15="Yes",E15,0) -> 16 | J15: =SUMPRODUCT(('Practice_Project'!J2:J2000="Smoke")*((LOWER('Practice_Project'!G2:G2000)="pass")+(LOWER('Practice_Project'!G2:G2000)="fail")+(LOWER('Practice_Project'!G2:G2000)="failed")+(LOWER('Practice_Project'!G2:G2000)="blocked")+(LOWER('Practice_Project'!G2:G2000)="na")+(LOWER('Practice_Project'!G2:G2000)="n/a")+(LOWER('Practice_Project'!G2:G2000)="not applicable")))+IF(G15="Yes",SUMPRODUCT(('Practice_Project'!J2:J2000="Core")*((LOWER('Practice_Project'!G2:G2000)="pass")+(LOWER('Practice_Project'!G2:G2000)="fail")+(LOWER('Practice_Project'!G2:G2000)="failed")+(LOWER('Practice_Project'!G2:G2000)="blocked")+(LOWER('Practice_Project'!G2:G2000)="na")+(LOWER('Practice_Project'!G2:G2000)="n/a")+(LOWER('Practice_Project'!G2:G2000)="not applicable"))),0) -> 16 | K15: NS | L15: =IF(I15=0,0,J15/I15) -> 1
A16: 7 | B16: Moodle_Lab_Templates | C16: =COUNTA('Moodle_Lab_Templates'!B2:B2000) -> 84 | D16: =COUNTIF('Moodle_Lab_Templates'!J2:J2000,"Smoke") -> 5 | E16: =COUNTIF('Moodle_Lab_Templates'!J2:J2000,"Core") -> 69 | F16: =COUNTIF('Moodle_Lab_Templates'!J2:J2000,"Extended") -> 6 | I16: =D16+IF(G16="Yes",E16,0) -> 5 | J16: =SUMPRODUCT(('Moodle_Lab_Templates'!J2:J2000="Smoke")*((LOWER('Moodle_Lab_Templates'!G2:G2000)="pass")+(LOWER('Moodle_Lab_Templates'!G2:G2000)="fail")+(LOWER('Moodle_Lab_Templates'!G2:G2000)="failed")+(LOWER('Moodle_Lab_Templates'!G2:G2000)="blocked")+(LOWER('Moodle_Lab_Templates'!G2:G2000)="na")+(LOWER('Moodle_Lab_Templates'!G2:G2000)="n/a")+(LOWER('Moodle_Lab_Templates'!G2:G2000)="not applicable")))+IF(G16="Yes",SUMPRODUCT(('Moodle_Lab_Templates'!J2:J2000="Core")*((LOWER('Moodle_Lab_Templates'!G2:G2000)="pass")+(LOWER('Moodle_Lab_Templates'!G2:G2000)="fail")+(LOWER('Moodle_Lab_Templates'!G2:G2000)="failed")+(LOWER('Moodle_Lab_Templates'!G2:G2000)="blocked")+(LOWER('Moodle_Lab_Templates'!G2:G2000)="na")+(LOWER('Moodle_Lab_Templates'!G2:G2000)="n/a")+(LOWER('Moodle_Lab_Templates'!G2:G2000)="not applicable"))),0) -> 5 | K16: Inprogress | L16: =IF(I16=0,0,J16/I16) -> 1
A17: 8 | B17: Groups_Testcases | C17: =COUNTA('Groups_Testcases'!B2:B2000) -> 59 | D17: =COUNTIF('Groups_Testcases'!J2:J2000,"Smoke") -> 3 | E17: =COUNTIF('Groups_Testcases'!J2:J2000,"Core") -> 43 | F17: =COUNTIF('Groups_Testcases'!J2:J2000,"Extended") -> 2 | I17: =D17+IF(G17="Yes",E17,0) -> 3 | J17: =SUMPRODUCT(('Groups_Testcases'!J2:J2000="Smoke")*((LOWER('Groups_Testcases'!G2:G2000)="pass")+(LOWER('Groups_Testcases'!G2:G2000)="fail")+(LOWER('Groups_Testcases'!G2:G2000)="failed")+(LOWER('Groups_Testcases'!G2:G2000)="blocked")+(LOWER('Groups_Testcases'!G2:G2000)="na")+(LOWER('Groups_Testcases'!G2:G2000)="n/a")+(LOWER('Groups_Testcases'!G2:G2000)="not applicable")))+IF(G17="Yes",SUMPRODUCT(('Groups_Testcases'!J2:J2000="Core")*((LOWER('Groups_Testcases'!G2:G2000)="pass")+(LOWER('Groups_Testcases'!G2:G2000)="fail")+(LOWER('Groups_Testcases'!G2:G2000)="failed")+(LOWER('Groups_Testcases'!G2:G2000)="blocked")+(LOWER('Groups_Testcases'!G2:G2000)="na")+(LOWER('Groups_Testcases'!G2:G2000)="n/a")+(LOWER('Groups_Testcases'!G2:G2000)="not applicable"))),0) -> 3 | K17: NS | L17: =IF(I17=0,0,J17/I17) -> 1
A18: 9 | B18: Moodle_Roles | C18: =COUNTA('Moodle_Roles'!B2:B2000) -> 99 | D18: =COUNTIF('Moodle_Roles'!J2:J2000,"Smoke") -> 12 | E18: =COUNTIF('Moodle_Roles'!J2:J2000,"Core") -> 76 | F18: =COUNTIF('Moodle_Roles'!J2:J2000,"Extended") -> 2 | I18: =D18+IF(G18="Yes",E18,0) -> 12 | J18: =SUMPRODUCT(('Moodle_Roles'!J2:J2000="Smoke")*((LOWER('Moodle_Roles'!G2:G2000)="pass")+(LOWER('Moodle_Roles'!G2:G2000)="fail")+(LOWER('Moodle_Roles'!G2:G2000)="failed")+(LOWER('Moodle_Roles'!G2:G2000)="blocked")+(LOWER('Moodle_Roles'!G2:G2000)="na")+(LOWER('Moodle_Roles'!G2:G2000)="n/a")+(LOWER('Moodle_Roles'!G2:G2000)="not applicable")))+IF(G18="Yes",SUMPRODUCT(('Moodle_Roles'!J2:J2000="Core")*((LOWER('Moodle_Roles'!G2:G2000)="pass")+(LOWER('Moodle_Roles'!G2:G2000)="fail")+(LOWER('Moodle_Roles'!G2:G2000)="failed")+(LOWER('Moodle_Roles'!G2:G2000)="blocked")+(LOWER('Moodle_Roles'!G2:G2000)="na")+(LOWER('Moodle_Roles'!G2:G2000)="n/a")+(LOWER('Moodle_Roles'!G2:G2000)="not applicable"))),0) -> 4 | K18: NS | L18: =IF(I18=0,0,J18/I18) -> 0.33333333
A19: 10 | B19: Moodle_Tags | C19: =COUNTA('Moodle_Tags'!B2:B2000) -> 54 | D19: =COUNTIF('Moodle_Tags'!J2:J2000,"Smoke") -> 0 | E19: =COUNTIF('Moodle_Tags'!J2:J2000,"Core") -> 32 | F19: =COUNTIF('Moodle_Tags'!J2:J2000,"Extended") -> 11 | I19: =D19+IF(G19="Yes",E19,0) -> 0 | J19: =SUMPRODUCT(('Moodle_Tags'!J2:J2000="Smoke")*((LOWER('Moodle_Tags'!G2:G2000)="pass")+(LOWER('Moodle_Tags'!G2:G2000)="fail")+(LOWER('Moodle_Tags'!G2:G2000)="failed")+(LOWER('Moodle_Tags'!G2:G2000)="blocked")+(LOWER('Moodle_Tags'!G2:G2000)="na")+(LOWER('Moodle_Tags'!G2:G2000)="n/a")+(LOWER('Moodle_Tags'!G2:G2000)="not applicable")))+IF(G19="Yes",SUMPRODUCT(('Moodle_Tags'!J2:J2000="Core")*((LOWER('Moodle_Tags'!G2:G2000)="pass")+(LOWER('Moodle_Tags'!G2:G2000)="fail")+(LOWER('Moodle_Tags'!G2:G2000)="failed")+(LOWER('Moodle_Tags'!G2:G2000)="blocked")+(LOWER('Moodle_Tags'!G2:G2000)="na")+(LOWER('Moodle_Tags'!G2:G2000)="n/a")+(LOWER('Moodle_Tags'!G2:G2000)="not applicable"))),0) -> 0 | K19: NS | L19: =IF(I19=0,0,J19/I19) -> 0
A20: 11 | B20: Moodle_Logs | C20: =COUNTA('Moodle_Logs'!B2:B2000) -> 50 | D20: =COUNTIF('Moodle_Logs'!J2:J2000,"Smoke") -> 6 | E20: =COUNTIF('Moodle_Logs'!J2:J2000,"Core") -> 42 | F20: =COUNTIF('Moodle_Logs'!J2:J2000,"Extended") -> 2 | I20: =D20+IF(G20="Yes",E20,0) -> 6 | J20: =SUMPRODUCT(('Moodle_Logs'!J2:J2000="Smoke")*((LOWER('Moodle_Logs'!G2:G2000)="pass")+(LOWER('Moodle_Logs'!G2:G2000)="fail")+(LOWER('Moodle_Logs'!G2:G2000)="failed")+(LOWER('Moodle_Logs'!G2:G2000)="blocked")+(LOWER('Moodle_Logs'!G2:G2000)="na")+(LOWER('Moodle_Logs'!G2:G2000)="n/a")+(LOWER('Moodle_Logs'!G2:G2000)="not applicable")))+IF(G20="Yes",SUMPRODUCT(('Moodle_Logs'!J2:J2000="Core")*((LOWER('Moodle_Logs'!G2:G2000)="pass")+(LOWER('Moodle_Logs'!G2:G2000)="fail")+(LOWER('Moodle_Logs'!G2:G2000)="failed")+(LOWER('Moodle_Logs'!G2:G2000)="blocked")+(LOWER('Moodle_Logs'!G2:G2000)="na")+(LOWER('Moodle_Logs'!G2:G2000)="n/a")+(LOWER('Moodle_Logs'!G2:G2000)="not applicable"))),0) -> 4 | K20: NS | L20: =IF(I20=0,0,J20/I20) -> 0.66666667
A21: 12 | B21: LoadBalacer_Moodle | C21: =COUNTA('LoadBalacer_Moodle'!B2:B2000) -> 7 | D21: =COUNTIF('LoadBalacer_Moodle'!J2:J2000,"Smoke") -> 0 | E21: =COUNTIF('LoadBalacer_Moodle'!J2:J2000,"Core") -> 5 | F21: =COUNTIF('LoadBalacer_Moodle'!J2:J2000,"Extended") -> 2 | I21: =D21+IF(G21="Yes",E21,0) -> 0 | J21: =SUMPRODUCT(('LoadBalacer_Moodle'!J2:J2000="Smoke")*((LOWER('LoadBalacer_Moodle'!G2:G2000)="pass")+(LOWER('LoadBalacer_Moodle'!G2:G2000)="fail")+(LOWER('LoadBalacer_Moodle'!G2:G2000)="failed")+(LOWER('LoadBalacer_Moodle'!G2:G2000)="blocked")+(LOWER('LoadBalacer_Moodle'!G2:G2000)="na")+(LOWER('LoadBalacer_Moodle'!G2:G2000)="n/a")+(LOWER('LoadBalacer_Moodle'!G2:G2000)="not applicable")))+IF(G21="Yes",SUMPRODUCT(('LoadBalacer_Moodle'!J2:J2000="Core")*((LOWER('LoadBalacer_Moodle'!G2:G2000)="pass")+(LOWER('LoadBalacer_Moodle'!G2:G2000)="fail")+(LOWER('LoadBalacer_Moodle'!G2:G2000)="failed")+(LOWER('LoadBalacer_Moodle'!G2:G2000)="blocked")+(LOWER('LoadBalacer_Moodle'!G2:G2000)="na")+(LOWER('LoadBalacer_Moodle'!G2:G2000)="n/a")+(LOWER('LoadBalacer_Moodle'!G2:G2000)="not applicable"))),0) -> 0 | K21: NS | L21: =IF(I21=0,0,J21/I21) -> 0
A22: 13 | B22: Moodle_Reports | C22: =COUNTA('Moodle_Reports'!B2:B2000) -> 205 | D22: =COUNTIF('Moodle_Reports'!J2:J2000,"Smoke") -> 3 | E22: =COUNTIF('Moodle_Reports'!J2:J2000,"Core") -> 114 | F22: =COUNTIF('Moodle_Reports'!J2:J2000,"Extended") -> 85 | I22: =D22+IF(G22="Yes",E22,0) -> 3 | J22: =SUMPRODUCT(('Moodle_Reports'!J2:J2000="Smoke")*((LOWER('Moodle_Reports'!G2:G2000)="pass")+(LOWER('Moodle_Reports'!G2:G2000)="fail")+(LOWER('Moodle_Reports'!G2:G2000)="failed")+(LOWER('Moodle_Reports'!G2:G2000)="blocked")+(LOWER('Moodle_Reports'!G2:G2000)="na")+(LOWER('Moodle_Reports'!G2:G2000)="n/a")+(LOWER('Moodle_Reports'!G2:G2000)="not applicable")))+IF(G22="Yes",SUMPRODUCT(('Moodle_Reports'!J2:J2000="Core")*((LOWER('Moodle_Reports'!G2:G2000)="pass")+(LOWER('Moodle_Reports'!G2:G2000)="fail")+(LOWER('Moodle_Reports'!G2:G2000)="failed")+(LOWER('Moodle_Reports'!G2:G2000)="blocked")+(LOWER('Moodle_Reports'!G2:G2000)="na")+(LOWER('Moodle_Reports'!G2:G2000)="n/a")+(LOWER('Moodle_Reports'!G2:G2000)="not applicable"))),0) -> 2 | K22: NS | L22: =IF(I22=0,0,J22/I22) -> 0.66666667
A23: 14 | B23: Moodle_cron | C23: =COUNTA('Moodle_cron'!B2:B2000) -> 17 | D23: =COUNTIF('Moodle_cron'!J2:J2000,"Smoke") -> 3 | E23: =COUNTIF('Moodle_cron'!J2:J2000,"Core") -> 1 | F23: =COUNTIF('Moodle_cron'!J2:J2000,"Extended") -> 13 | I23: =D23+IF(G23="Yes",E23,0) -> 3 | J23: =SUMPRODUCT(('Moodle_cron'!J2:J2000="Smoke")*((LOWER('Moodle_cron'!G2:G2000)="pass")+(LOWER('Moodle_cron'!G2:G2000)="fail")+(LOWER('Moodle_cron'!G2:G2000)="failed")+(LOWER('Moodle_cron'!G2:G2000)="blocked")+(LOWER('Moodle_cron'!G2:G2000)="na")+(LOWER('Moodle_cron'!G2:G2000)="n/a")+(LOWER('Moodle_cron'!G2:G2000)="not applicable")))+IF(G23="Yes",SUMPRODUCT(('Moodle_cron'!J2:J2000="Core")*((LOWER('Moodle_cron'!G2:G2000)="pass")+(LOWER('Moodle_cron'!G2:G2000)="fail")+(LOWER('Moodle_cron'!G2:G2000)="failed")+(LOWER('Moodle_cron'!G2:G2000)="blocked")+(LOWER('Moodle_cron'!G2:G2000)="na")+(LOWER('Moodle_cron'!G2:G2000)="n/a")+(LOWER('Moodle_cron'!G2:G2000)="not applicable"))),0) -> 0 | K23: NS | L23: =IF(I23=0,0,J23/I23) -> 0
A24: 15 | B24: Moodle-Cloudlabs Integration | C24: =COUNTA('Moodle-Cloudlabs Integration'!B2:B2000) -> 13 | D24: =COUNTIF('Moodle-Cloudlabs Integration'!J2:J2000,"Smoke") -> 0 | E24: =COUNTIF('Moodle-Cloudlabs Integration'!J2:J2000,"Core") -> 11 | F24: =COUNTIF('Moodle-Cloudlabs Integration'!J2:J2000,"Extended") -> 2 | I24: =D24+IF(G24="Yes",E24,0) -> 0 | J24: =SUMPRODUCT(('Moodle-Cloudlabs Integration'!J2:J2000="Smoke")*((LOWER('Moodle-Cloudlabs Integration'!G2:G2000)="pass")+(LOWER('Moodle-Cloudlabs Integration'!G2:G2000)="fail")+(LOWER('Moodle-Cloudlabs Integration'!G2:G2000)="failed")+(LOWER('Moodle-Cloudlabs Integration'!G2:G2000)="blocked")+(LOWER('Moodle-Cloudlabs Integration'!G2:G2000)="na")+(LOWER('Moodle-Cloudlabs Integration'!G2:G2000)="n/a")+(LOWER('Moodle-Cloudlabs Integration'!G2:G2000)="not applicable")))+IF(G24="Yes",SUMPRODUCT(('Moodle-Cloudlabs Integration'!J2:J2000="Core")*((LOWER('Moodle-Cloudlabs Integration'!G2:G2000)="pass")+(LOWER('Moodle-Cloudlabs Integration'!G2:G2000)="fail")+(LOWER('Moodle-Cloudlabs Integration'!G2:G2000)="failed")+(LOWER('Moodle-Cloudlabs Integration'!G2:G2000)="blocked")+(LOWER('Moodle-Cloudlabs Integration'!G2:G2000)="na")+(LOWER('Moodle-Cloudlabs Integration'!G2:G2000)="n/a")+(LOWER('Moodle-Cloudlabs Integration'!G2:G2000)="not applicable"))),0) -> 0 | K24: Yes | L24: =IF(I24=0,0,J24/I24) -> 0
A25: 16 | B25: LTI and SSO Integration | C25: =COUNTA('LTI and SSO Integration'!B2:B2000) -> 5 | D25: =COUNTIF('LTI and SSO Integration'!J2:J2000,"Smoke") -> 0 | E25: =COUNTIF('LTI and SSO Integration'!J2:J2000,"Core") -> 0 | F25: =COUNTIF('LTI and SSO Integration'!J2:J2000,"Extended") -> 5 | I25: =D25+IF(G25="Yes",E25,0) -> 0 | J25: =SUMPRODUCT(('LTI and SSO Integration'!J2:J2000="Smoke")*((LOWER('LTI and SSO Integration'!G2:G2000)="pass")+(LOWER('LTI and SSO Integration'!G2:G2000)="fail")+(LOWER('LTI and SSO Integration'!G2:G2000)="failed")+(LOWER('LTI and SSO Integration'!G2:G2000)="blocked")+(LOWER('LTI and SSO Integration'!G2:G2000)="na")+(LOWER('LTI and SSO Integration'!G2:G2000)="n/a")+(LOWER('LTI and SSO Integration'!G2:G2000)="not applicable")))+IF(G25="Yes",SUMPRODUCT(('LTI and SSO Integration'!J2:J2000="Core")*((LOWER('LTI and SSO Integration'!G2:G2000)="pass")+(LOWER('LTI and SSO Integration'!G2:G2000)="fail")+(LOWER('LTI and SSO Integration'!G2:G2000)="failed")+(LOWER('LTI and SSO Integration'!G2:G2000)="blocked")+(LOWER('LTI and SSO Integration'!G2:G2000)="na")+(LOWER('LTI and SSO Integration'!G2:G2000)="n/a")+(LOWER('LTI and SSO Integration'!G2:G2000)="not applicable"))),0) -> 0 | K25: NS | L25: =IF(I25=0,0,J25/I25) -> 0
A26: 17 | B26: Moodle settings | C26: =COUNTA('Moodle settings'!B2:B2000) -> 80 | D26: =COUNTIF('Moodle settings'!J2:J2000,"Smoke") -> 0 | E26: =COUNTIF('Moodle settings'!J2:J2000,"Core") -> 77 | F26: =COUNTIF('Moodle settings'!J2:J2000,"Extended") -> 3 | I26: =D26+IF(G26="Yes",E26,0) -> 0 | J26: =SUMPRODUCT(('Moodle settings'!J2:J2000="Smoke")*((LOWER('Moodle settings'!G2:G2000)="pass")+(LOWER('Moodle settings'!G2:G2000)="fail")+(LOWER('Moodle settings'!G2:G2000)="failed")+(LOWER('Moodle settings'!G2:G2000)="blocked")+(LOWER('Moodle settings'!G2:G2000)="na")+(LOWER('Moodle settings'!G2:G2000)="n/a")+(LOWER('Moodle settings'!G2:G2000)="not applicable")))+IF(G26="Yes",SUMPRODUCT(('Moodle settings'!J2:J2000="Core")*((LOWER('Moodle settings'!G2:G2000)="pass")+(LOWER('Moodle settings'!G2:G2000)="fail")+(LOWER('Moodle settings'!G2:G2000)="failed")+(LOWER('Moodle settings'!G2:G2000)="blocked")+(LOWER('Moodle settings'!G2:G2000)="na")+(LOWER('Moodle settings'!G2:G2000)="n/a")+(LOWER('Moodle settings'!G2:G2000)="not applicable"))),0) -> 0 | K26: Yes | L26: =IF(I26=0,0,J26/I26) -> 0
A27: 18 | B27: Activities | C27: =COUNTA('Activities'!B2:B2000) -> 67 | D27: =COUNTIF('Activities'!J2:J2000,"Smoke") -> 10 | E27: =COUNTIF('Activities'!J2:J2000,"Core") -> 55 | F27: =COUNTIF('Activities'!J2:J2000,"Extended") -> 2 | I27: =D27+IF(G27="Yes",E27,0) -> 10 | J27: =SUMPRODUCT(('Activities'!J2:J2000="Smoke")*((LOWER('Activities'!G2:G2000)="pass")+(LOWER('Activities'!G2:G2000)="fail")+(LOWER('Activities'!G2:G2000)="failed")+(LOWER('Activities'!G2:G2000)="blocked")+(LOWER('Activities'!G2:G2000)="na")+(LOWER('Activities'!G2:G2000)="n/a")+(LOWER('Activities'!G2:G2000)="not applicable")))+IF(G27="Yes",SUMPRODUCT(('Activities'!J2:J2000="Core")*((LOWER('Activities'!G2:G2000)="pass")+(LOWER('Activities'!G2:G2000)="fail")+(LOWER('Activities'!G2:G2000)="failed")+(LOWER('Activities'!G2:G2000)="blocked")+(LOWER('Activities'!G2:G2000)="na")+(LOWER('Activities'!G2:G2000)="n/a")+(LOWER('Activities'!G2:G2000)="not applicable"))),0) -> 10 | K27: NS | L27: =IF(I27=0,0,J27/I27) -> 1
A28: 19 | B28: AWS_Marketplace_Integration | C28: =COUNTA('AWS_Marketplace_Integration'!B2:B2000) -> 39 | D28: =COUNTIF('AWS_Marketplace_Integration'!J2:J2000,"Smoke") -> 2 | E28: =COUNTIF('AWS_Marketplace_Integration'!J2:J2000,"Core") -> 32 | F28: =COUNTIF('AWS_Marketplace_Integration'!J2:J2000,"Extended") -> 2 | I28: =D28+IF(G28="Yes",E28,0) -> 2 | J28: =SUMPRODUCT(('AWS_Marketplace_Integration'!J2:J2000="Smoke")*((LOWER('AWS_Marketplace_Integration'!G2:G2000)="pass")+(LOWER('AWS_Marketplace_Integration'!G2:G2000)="fail")+(LOWER('AWS_Marketplace_Integration'!G2:G2000)="failed")+(LOWER('AWS_Marketplace_Integration'!G2:G2000)="blocked")+(LOWER('AWS_Marketplace_Integration'!G2:G2000)="na")+(LOWER('AWS_Marketplace_Integration'!G2:G2000)="n/a")+(LOWER('AWS_Marketplace_Integration'!G2:G2000)="not applicable")))+IF(G28="Yes",SUMPRODUCT(('AWS_Marketplace_Integration'!J2:J2000="Core")*((LOWER('AWS_Marketplace_Integration'!G2:G2000)="pass")+(LOWER('AWS_Marketplace_Integration'!G2:G2000)="fail")+(LOWER('AWS_Marketplace_Integration'!G2:G2000)="failed")+(LOWER('AWS_Marketplace_Integration'!G2:G2000)="blocked")+(LOWER('AWS_Marketplace_Integration'!G2:G2000)="na")+(LOWER('AWS_Marketplace_Integration'!G2:G2000)="n/a")+(LOWER('AWS_Marketplace_Integration'!G2:G2000)="not applicable"))),0) -> 0 | K28: NS | L28: =IF(I28=0,0,J28/I28) -> 0
A29: 20 | B29: Lab_Creation_Region_Based | C29: =COUNTA('Lab_Creation_Region_Based'!B2:B2000) -> 23 | D29: =COUNTIF('Lab_Creation_Region_Based'!J2:J2000,"Smoke") -> 0 | E29: =COUNTIF('Lab_Creation_Region_Based'!J2:J2000,"Core") -> 21 | F29: =COUNTIF('Lab_Creation_Region_Based'!J2:J2000,"Extended") -> 2 | I29: =D29+IF(G29="Yes",E29,0) -> 0 | J29: =SUMPRODUCT(('Lab_Creation_Region_Based'!J2:J2000="Smoke")*((LOWER('Lab_Creation_Region_Based'!G2:G2000)="pass")+(LOWER('Lab_Creation_Region_Based'!G2:G2000)="fail")+(LOWER('Lab_Creation_Region_Based'!G2:G2000)="failed")+(LOWER('Lab_Creation_Region_Based'!G2:G2000)="blocked")+(LOWER('Lab_Creation_Region_Based'!G2:G2000)="na")+(LOWER('Lab_Creation_Region_Based'!G2:G2000)="n/a")+(LOWER('Lab_Creation_Region_Based'!G2:G2000)="not applicable")))+IF(G29="Yes",SUMPRODUCT(('Lab_Creation_Region_Based'!J2:J2000="Core")*((LOWER('Lab_Creation_Region_Based'!G2:G2000)="pass")+(LOWER('Lab_Creation_Region_Based'!G2:G2000)="fail")+(LOWER('Lab_Creation_Region_Based'!G2:G2000)="failed")+(LOWER('Lab_Creation_Region_Based'!G2:G2000)="blocked")+(LOWER('Lab_Creation_Region_Based'!G2:G2000)="na")+(LOWER('Lab_Creation_Region_Based'!G2:G2000)="n/a")+(LOWER('Lab_Creation_Region_Based'!G2:G2000)="not applicable"))),0) -> 0 | K29: NS | L29: =IF(I29=0,0,J29/I29) -> 0
A30: 21 | B30: Randomization_Activity | C30: =COUNTA('Randomization_Activity'!B2:B2000) -> 71 | D30: =COUNTIF('Randomization_Activity'!J2:J2000,"Smoke") -> 5 | E30: =COUNTIF('Randomization_Activity'!J2:J2000,"Core") -> 55 | F30: =COUNTIF('Randomization_Activity'!J2:J2000,"Extended") -> 8 | I30: =D30+IF(G30="Yes",E30,0) -> 5 | J30: =SUMPRODUCT(('Randomization_Activity'!J2:J2000="Smoke")*((LOWER('Randomization_Activity'!G2:G2000)="pass")+(LOWER('Randomization_Activity'!G2:G2000)="fail")+(LOWER('Randomization_Activity'!G2:G2000)="failed")+(LOWER('Randomization_Activity'!G2:G2000)="blocked")+(LOWER('Randomization_Activity'!G2:G2000)="na")+(LOWER('Randomization_Activity'!G2:G2000)="n/a")+(LOWER('Randomization_Activity'!G2:G2000)="not applicable")))+IF(G30="Yes",SUMPRODUCT(('Randomization_Activity'!J2:J2000="Core")*((LOWER('Randomization_Activity'!G2:G2000)="pass")+(LOWER('Randomization_Activity'!G2:G2000)="fail")+(LOWER('Randomization_Activity'!G2:G2000)="failed")+(LOWER('Randomization_Activity'!G2:G2000)="blocked")+(LOWER('Randomization_Activity'!G2:G2000)="na")+(LOWER('Randomization_Activity'!G2:G2000)="n/a")+(LOWER('Randomization_Activity'!G2:G2000)="not applicable"))),0) -> 5 | K30: NS | L30: =IF(I30=0,0,J30/I30) -> 1
A31: 22 | B31: Raven360_AWS_Content | C31: =COUNTA('Raven360_AWS_Content'!B2:B2000) -> 29 | D31: =COUNTIF('Raven360_AWS_Content'!J2:J2000,"Smoke") -> 4 | E31: =COUNTIF('Raven360_AWS_Content'!J2:J2000,"Core") -> 23 | F31: =COUNTIF('Raven360_AWS_Content'!J2:J2000,"Extended") -> 2 | I31: =D31+IF(G31="Yes",E31,0) -> 4 | J31: =SUMPRODUCT(('Raven360_AWS_Content'!J2:J2000="Smoke")*((LOWER('Raven360_AWS_Content'!G2:G2000)="pass")+(LOWER('Raven360_AWS_Content'!G2:G2000)="fail")+(LOWER('Raven360_AWS_Content'!G2:G2000)="failed")+(LOWER('Raven360_AWS_Content'!G2:G2000)="blocked")+(LOWER('Raven360_AWS_Content'!G2:G2000)="na")+(LOWER('Raven360_AWS_Content'!G2:G2000)="n/a")+(LOWER('Raven360_AWS_Content'!G2:G2000)="not applicable")))+IF(G31="Yes",SUMPRODUCT(('Raven360_AWS_Content'!J2:J2000="Core")*((LOWER('Raven360_AWS_Content'!G2:G2000)="pass")+(LOWER('Raven360_AWS_Content'!G2:G2000)="fail")+(LOWER('Raven360_AWS_Content'!G2:G2000)="failed")+(LOWER('Raven360_AWS_Content'!G2:G2000)="blocked")+(LOWER('Raven360_AWS_Content'!G2:G2000)="na")+(LOWER('Raven360_AWS_Content'!G2:G2000)="n/a")+(LOWER('Raven360_AWS_Content'!G2:G2000)="not applicable"))),0) -> 1 | K31: NS | L31: =IF(I31=0,0,J31/I31) -> 0.25
A32: 23 | B32: Course_Category_Lab_Provision | C32: =COUNTA('Course_Category_Lab_Provision'!B2:B2000) -> 12 | D32: =COUNTIF('Course_Category_Lab_Provision'!J2:J2000,"Smoke") -> 0 | E32: =COUNTIF('Course_Category_Lab_Provision'!J2:J2000,"Core") -> 10 | F32: =COUNTIF('Course_Category_Lab_Provision'!J2:J2000,"Extended") -> 2 | I32: =D32+IF(G32="Yes",E32,0) -> 0 | J32: =SUMPRODUCT(('Course_Category_Lab_Provision'!J2:J2000="Smoke")*((LOWER('Course_Category_Lab_Provision'!G2:G2000)="pass")+(LOWER('Course_Category_Lab_Provision'!G2:G2000)="fail")+(LOWER('Course_Category_Lab_Provision'!G2:G2000)="failed")+(LOWER('Course_Category_Lab_Provision'!G2:G2000)="blocked")+(LOWER('Course_Category_Lab_Provision'!G2:G2000)="na")+(LOWER('Course_Category_Lab_Provision'!G2:G2000)="n/a")+(LOWER('Course_Category_Lab_Provision'!G2:G2000)="not applicable")))+IF(G32="Yes",SUMPRODUCT(('Course_Category_Lab_Provision'!J2:J2000="Core")*((LOWER('Course_Category_Lab_Provision'!G2:G2000)="pass")+(LOWER('Course_Category_Lab_Provision'!G2:G2000)="fail")+(LOWER('Course_Category_Lab_Provision'!G2:G2000)="failed")+(LOWER('Course_Category_Lab_Provision'!G2:G2000)="blocked")+(LOWER('Course_Category_Lab_Provision'!G2:G2000)="na")+(LOWER('Course_Category_Lab_Provision'!G2:G2000)="n/a")+(LOWER('Course_Category_Lab_Provision'!G2:G2000)="not applicable"))),0) -> 0 | K32: NS | L32: =IF(I32=0,0,J32/I32) -> 0
A33: 24 | B33: Stop_Lab_Enhancement | C33: =COUNTA('Stop_Lab_Enhancement'!B2:B2000) -> 7 | D33: =COUNTIF('Stop_Lab_Enhancement'!J2:J2000,"Smoke") -> 3 | E33: =COUNTIF('Stop_Lab_Enhancement'!J2:J2000,"Core") -> 1 | F33: =COUNTIF('Stop_Lab_Enhancement'!J2:J2000,"Extended") -> 3 | I33: =D33+IF(G33="Yes",E33,0) -> 3 | J33: =SUMPRODUCT(('Stop_Lab_Enhancement'!J2:J2000="Smoke")*((LOWER('Stop_Lab_Enhancement'!G2:G2000)="pass")+(LOWER('Stop_Lab_Enhancement'!G2:G2000)="fail")+(LOWER('Stop_Lab_Enhancement'!G2:G2000)="failed")+(LOWER('Stop_Lab_Enhancement'!G2:G2000)="blocked")+(LOWER('Stop_Lab_Enhancement'!G2:G2000)="na")+(LOWER('Stop_Lab_Enhancement'!G2:G2000)="n/a")+(LOWER('Stop_Lab_Enhancement'!G2:G2000)="not applicable")))+IF(G33="Yes",SUMPRODUCT(('Stop_Lab_Enhancement'!J2:J2000="Core")*((LOWER('Stop_Lab_Enhancement'!G2:G2000)="pass")+(LOWER('Stop_Lab_Enhancement'!G2:G2000)="fail")+(LOWER('Stop_Lab_Enhancement'!G2:G2000)="failed")+(LOWER('Stop_Lab_Enhancement'!G2:G2000)="blocked")+(LOWER('Stop_Lab_Enhancement'!G2:G2000)="na")+(LOWER('Stop_Lab_Enhancement'!G2:G2000)="n/a")+(LOWER('Stop_Lab_Enhancement'!G2:G2000)="not applicable"))),0) -> 3 | K33: NS | L33: =IF(I33=0,0,J33/I33) -> 1
A34: 25 | B34: Difficulty_Level_Configuration | C34: =COUNTA('Difficulty_Level_Configuration'!B2:B2000) -> 16 | D34: =COUNTIF('Difficulty_Level_Configuration'!J2:J2000,"Smoke") -> 0 | E34: =COUNTIF('Difficulty_Level_Configuration'!J2:J2000,"Core") -> 11 | F34: =COUNTIF('Difficulty_Level_Configuration'!J2:J2000,"Extended") -> 2 | I34: =D34+IF(G34="Yes",E34,0) -> 0 | J34: =SUMPRODUCT(('Difficulty_Level_Configuration'!J2:J2000="Smoke")*((LOWER('Difficulty_Level_Configuration'!G2:G2000)="pass")+(LOWER('Difficulty_Level_Configuration'!G2:G2000)="fail")+(LOWER('Difficulty_Level_Configuration'!G2:G2000)="failed")+(LOWER('Difficulty_Level_Configuration'!G2:G2000)="blocked")+(LOWER('Difficulty_Level_Configuration'!G2:G2000)="na")+(LOWER('Difficulty_Level_Configuration'!G2:G2000)="n/a")+(LOWER('Difficulty_Level_Configuration'!G2:G2000)="not applicable")))+IF(G34="Yes",SUMPRODUCT(('Difficulty_Level_Configuration'!J2:J2000="Core")*((LOWER('Difficulty_Level_Configuration'!G2:G2000)="pass")+(LOWER('Difficulty_Level_Configuration'!G2:G2000)="fail")+(LOWER('Difficulty_Level_Configuration'!G2:G2000)="failed")+(LOWER('Difficulty_Level_Configuration'!G2:G2000)="blocked")+(LOWER('Difficulty_Level_Configuration'!G2:G2000)="na")+(LOWER('Difficulty_Level_Configuration'!G2:G2000)="n/a")+(LOWER('Difficulty_Level_Configuration'!G2:G2000)="not applicable"))),0) -> 0 | K34: Yes | L34: =IF(I34=0,0,J34/I34) -> 0
A35: 26 | B35: Lab_Control_Panel | C35: =COUNTA('Lab_Control_Panel'!B2:B2000) -> 34 | D35: =COUNTIF('Lab_Control_Panel'!J2:J2000,"Smoke") -> 4 | E35: =COUNTIF('Lab_Control_Panel'!J2:J2000,"Core") -> 27 | F35: =COUNTIF('Lab_Control_Panel'!J2:J2000,"Extended") -> 3 | I35: =D35+IF(G35="Yes",E35,0) -> 4 | J35: =SUMPRODUCT(('Lab_Control_Panel'!J2:J2000="Smoke")*((LOWER('Lab_Control_Panel'!G2:G2000)="pass")+(LOWER('Lab_Control_Panel'!G2:G2000)="fail")+(LOWER('Lab_Control_Panel'!G2:G2000)="failed")+(LOWER('Lab_Control_Panel'!G2:G2000)="blocked")+(LOWER('Lab_Control_Panel'!G2:G2000)="na")+(LOWER('Lab_Control_Panel'!G2:G2000)="n/a")+(LOWER('Lab_Control_Panel'!G2:G2000)="not applicable")))+IF(G35="Yes",SUMPRODUCT(('Lab_Control_Panel'!J2:J2000="Core")*((LOWER('Lab_Control_Panel'!G2:G2000)="pass")+(LOWER('Lab_Control_Panel'!G2:G2000)="fail")+(LOWER('Lab_Control_Panel'!G2:G2000)="failed")+(LOWER('Lab_Control_Panel'!G2:G2000)="blocked")+(LOWER('Lab_Control_Panel'!G2:G2000)="na")+(LOWER('Lab_Control_Panel'!G2:G2000)="n/a")+(LOWER('Lab_Control_Panel'!G2:G2000)="not applicable"))),0) -> 0 | K35: NS | L35: =IF(I35=0,0,J35/I35) -> 0
A36: 27 | B36: Content_Integration_Git_URL | C36: =COUNTA('Content_Integration_Git_URL'!B2:B2000) -> 26 | D36: =COUNTIF('Content_Integration_Git_URL'!J2:J2000,"Smoke") -> 0 | E36: =COUNTIF('Content_Integration_Git_URL'!J2:J2000,"Core") -> 21 | F36: =COUNTIF('Content_Integration_Git_URL'!J2:J2000,"Extended") -> 3 | I36: =D36+IF(G36="Yes",E36,0) -> 0 | J36: =SUMPRODUCT(('Content_Integration_Git_URL'!J2:J2000="Smoke")*((LOWER('Content_Integration_Git_URL'!G2:G2000)="pass")+(LOWER('Content_Integration_Git_URL'!G2:G2000)="fail")+(LOWER('Content_Integration_Git_URL'!G2:G2000)="failed")+(LOWER('Content_Integration_Git_URL'!G2:G2000)="blocked")+(LOWER('Content_Integration_Git_URL'!G2:G2000)="na")+(LOWER('Content_Integration_Git_URL'!G2:G2000)="n/a")+(LOWER('Content_Integration_Git_URL'!G2:G2000)="not applicable")))+IF(G36="Yes",SUMPRODUCT(('Content_Integration_Git_URL'!J2:J2000="Core")*((LOWER('Content_Integration_Git_URL'!G2:G2000)="pass")+(LOWER('Content_Integration_Git_URL'!G2:G2000)="fail")+(LOWER('Content_Integration_Git_URL'!G2:G2000)="failed")+(LOWER('Content_Integration_Git_URL'!G2:G2000)="blocked")+(LOWER('Content_Integration_Git_URL'!G2:G2000)="na")+(LOWER('Content_Integration_Git_URL'!G2:G2000)="n/a")+(LOWER('Content_Integration_Git_URL'!G2:G2000)="not applicable"))),0) -> 0 | K36: Yes | L36: =IF(I36=0,0,J36/I36) -> 0
A37: 28 | B37: Course_Sync_Multi_Tenant | C37: =COUNTA('Course_Sync_Multi_Tenant'!B2:B2000) -> 33 | D37: =COUNTIF('Course_Sync_Multi_Tenant'!J2:J2000,"Smoke") -> 3 | E37: =COUNTIF('Course_Sync_Multi_Tenant'!J2:J2000,"Core") -> 28 | F37: =COUNTIF('Course_Sync_Multi_Tenant'!J2:J2000,"Extended") -> 2 | I37: =D37+IF(G37="Yes",E37,0) -> 3 | J37: =SUMPRODUCT(('Course_Sync_Multi_Tenant'!J2:J2000="Smoke")*((LOWER('Course_Sync_Multi_Tenant'!G2:G2000)="pass")+(LOWER('Course_Sync_Multi_Tenant'!G2:G2000)="fail")+(LOWER('Course_Sync_Multi_Tenant'!G2:G2000)="failed")+(LOWER('Course_Sync_Multi_Tenant'!G2:G2000)="blocked")+(LOWER('Course_Sync_Multi_Tenant'!G2:G2000)="na")+(LOWER('Course_Sync_Multi_Tenant'!G2:G2000)="n/a")+(LOWER('Course_Sync_Multi_Tenant'!G2:G2000)="not applicable")))+IF(G37="Yes",SUMPRODUCT(('Course_Sync_Multi_Tenant'!J2:J2000="Core")*((LOWER('Course_Sync_Multi_Tenant'!G2:G2000)="pass")+(LOWER('Course_Sync_Multi_Tenant'!G2:G2000)="fail")+(LOWER('Course_Sync_Multi_Tenant'!G2:G2000)="failed")+(LOWER('Course_Sync_Multi_Tenant'!G2:G2000)="blocked")+(LOWER('Course_Sync_Multi_Tenant'!G2:G2000)="na")+(LOWER('Course_Sync_Multi_Tenant'!G2:G2000)="n/a")+(LOWER('Course_Sync_Multi_Tenant'!G2:G2000)="not applicable"))),0) -> 0 | K37: NS | L37: =IF(I37=0,0,J37/I37) -> 0
A38: 29 | B38: My_Labs | C38: =COUNTA('My_Labs'!B2:B2000) -> 44 | D38: =COUNTIF('My_Labs'!J2:J2000,"Smoke") -> 3 | E38: =COUNTIF('My_Labs'!J2:J2000,"Core") -> 32 | F38: =COUNTIF('My_Labs'!J2:J2000,"Extended") -> 6 | I38: =D38+IF(G38="Yes",E38,0) -> 3 | J38: =SUMPRODUCT(('My_Labs'!J2:J2000="Smoke")*((LOWER('My_Labs'!G2:G2000)="pass")+(LOWER('My_Labs'!G2:G2000)="fail")+(LOWER('My_Labs'!G2:G2000)="failed")+(LOWER('My_Labs'!G2:G2000)="blocked")+(LOWER('My_Labs'!G2:G2000)="na")+(LOWER('My_Labs'!G2:G2000)="n/a")+(LOWER('My_Labs'!G2:G2000)="not applicable")))+IF(G38="Yes",SUMPRODUCT(('My_Labs'!J2:J2000="Core")*((LOWER('My_Labs'!G2:G2000)="pass")+(LOWER('My_Labs'!G2:G2000)="fail")+(LOWER('My_Labs'!G2:G2000)="failed")+(LOWER('My_Labs'!G2:G2000)="blocked")+(LOWER('My_Labs'!G2:G2000)="na")+(LOWER('My_Labs'!G2:G2000)="n/a")+(LOWER('My_Labs'!G2:G2000)="not applicable"))),0) -> 2 | K38: Yes | L38: =IF(I38=0,0,J38/I38) -> 0.66666667
A39: 30 | B39: NuveBulkMail | C39: =COUNTA('NuveBulkMail'!B2:B2000) -> 113 | D39: =COUNTIF('NuveBulkMail'!J2:J2000,"Smoke") -> 4 | E39: =COUNTIF('NuveBulkMail'!J2:J2000,"Core") -> 84 | F39: =COUNTIF('NuveBulkMail'!J2:J2000,"Extended") -> 22 | I39: =D39+IF(G39="Yes",E39,0) -> 4 | J39: =SUMPRODUCT(('NuveBulkMail'!J2:J2000="Smoke")*((LOWER('NuveBulkMail'!G2:G2000)="pass")+(LOWER('NuveBulkMail'!G2:G2000)="fail")+(LOWER('NuveBulkMail'!G2:G2000)="failed")+(LOWER('NuveBulkMail'!G2:G2000)="blocked")+(LOWER('NuveBulkMail'!G2:G2000)="na")+(LOWER('NuveBulkMail'!G2:G2000)="n/a")+(LOWER('NuveBulkMail'!G2:G2000)="not applicable")))+IF(G39="Yes",SUMPRODUCT(('NuveBulkMail'!J2:J2000="Core")*((LOWER('NuveBulkMail'!G2:G2000)="pass")+(LOWER('NuveBulkMail'!G2:G2000)="fail")+(LOWER('NuveBulkMail'!G2:G2000)="failed")+(LOWER('NuveBulkMail'!G2:G2000)="blocked")+(LOWER('NuveBulkMail'!G2:G2000)="na")+(LOWER('NuveBulkMail'!G2:G2000)="n/a")+(LOWER('NuveBulkMail'!G2:G2000)="not applicable"))),0) -> 0 | K39: NS | L39: =IF(I39=0,0,J39/I39) -> 0
A40: 31 | B40: Pre_Delivery_Lab_Checklist | C40: =COUNTA('Pre_Delivery_Lab_Checklist'!B2:B2000) -> 76 | D40: =COUNTIF('Pre_Delivery_Lab_Checklist'!J2:J2000,"Smoke") -> 1 | E40: =COUNTIF('Pre_Delivery_Lab_Checklist'!J2:J2000,"Core") -> 63 | F40: =COUNTIF('Pre_Delivery_Lab_Checklist'!J2:J2000,"Extended") -> 8 | I40: =D40+IF(G40="Yes",E40,0) -> 1 | J40: =SUMPRODUCT(('Pre_Delivery_Lab_Checklist'!J2:J2000="Smoke")*((LOWER('Pre_Delivery_Lab_Checklist'!G2:G2000)="pass")+(LOWER('Pre_Delivery_Lab_Checklist'!G2:G2000)="fail")+(LOWER('Pre_Delivery_Lab_Checklist'!G2:G2000)="failed")+(LOWER('Pre_Delivery_Lab_Checklist'!G2:G2000)="blocked")+(LOWER('Pre_Delivery_Lab_Checklist'!G2:G2000)="na")+(LOWER('Pre_Delivery_Lab_Checklist'!G2:G2000)="n/a")+(LOWER('Pre_Delivery_Lab_Checklist'!G2:G2000)="not applicable")))+IF(G40="Yes",SUMPRODUCT(('Pre_Delivery_Lab_Checklist'!J2:J2000="Core")*((LOWER('Pre_Delivery_Lab_Checklist'!G2:G2000)="pass")+(LOWER('Pre_Delivery_Lab_Checklist'!G2:G2000)="fail")+(LOWER('Pre_Delivery_Lab_Checklist'!G2:G2000)="failed")+(LOWER('Pre_Delivery_Lab_Checklist'!G2:G2000)="blocked")+(LOWER('Pre_Delivery_Lab_Checklist'!G2:G2000)="na")+(LOWER('Pre_Delivery_Lab_Checklist'!G2:G2000)="n/a")+(LOWER('Pre_Delivery_Lab_Checklist'!G2:G2000)="not applicable"))),0) -> 1 | K40: NS | L40: =IF(I40=0,0,J40/I40) -> 1
A41: 32 | B41: Sequential_Activity_Completion | C41: =COUNTA('Sequential_Activity_Completion'!B2:B2000) -> 28 | D41: =COUNTIF('Sequential_Activity_Completion'!J2:J2000,"Smoke") -> 0 | E41: =COUNTIF('Sequential_Activity_Completion'!J2:J2000,"Core") -> 11 | F41: =COUNTIF('Sequential_Activity_Completion'!J2:J2000,"Extended") -> 5 | I41: =D41+IF(G41="Yes",E41,0) -> 0 | J41: =SUMPRODUCT(('Sequential_Activity_Completion'!J2:J2000="Smoke")*((LOWER('Sequential_Activity_Completion'!G2:G2000)="pass")+(LOWER('Sequential_Activity_Completion'!G2:G2000)="fail")+(LOWER('Sequential_Activity_Completion'!G2:G2000)="failed")+(LOWER('Sequential_Activity_Completion'!G2:G2000)="blocked")+(LOWER('Sequential_Activity_Completion'!G2:G2000)="na")+(LOWER('Sequential_Activity_Completion'!G2:G2000)="n/a")+(LOWER('Sequential_Activity_Completion'!G2:G2000)="not applicable")))+IF(G41="Yes",SUMPRODUCT(('Sequential_Activity_Completion'!J2:J2000="Core")*((LOWER('Sequential_Activity_Completion'!G2:G2000)="pass")+(LOWER('Sequential_Activity_Completion'!G2:G2000)="fail")+(LOWER('Sequential_Activity_Completion'!G2:G2000)="failed")+(LOWER('Sequential_Activity_Completion'!G2:G2000)="blocked")+(LOWER('Sequential_Activity_Completion'!G2:G2000)="na")+(LOWER('Sequential_Activity_Completion'!G2:G2000)="n/a")+(LOWER('Sequential_Activity_Completion'!G2:G2000)="not applicable"))),0) -> 0 | K41: Yes | L41: =IF(I41=0,0,J41/I41) -> 0
A42: 33 | B42: User_Sync_Orgo | C42: =COUNTA('User_Sync_Orgo'!B2:B2000) -> 31 | D42: =COUNTIF('User_Sync_Orgo'!J2:J2000,"Smoke") -> 5 | E42: =COUNTIF('User_Sync_Orgo'!J2:J2000,"Core") -> 20 | F42: =COUNTIF('User_Sync_Orgo'!J2:J2000,"Extended") -> 6 | I42: =D42+IF(G42="Yes",E42,0) -> 5 | J42: =SUMPRODUCT(('User_Sync_Orgo'!J2:J2000="Smoke")*((LOWER('User_Sync_Orgo'!G2:G2000)="pass")+(LOWER('User_Sync_Orgo'!G2:G2000)="fail")+(LOWER('User_Sync_Orgo'!G2:G2000)="failed")+(LOWER('User_Sync_Orgo'!G2:G2000)="blocked")+(LOWER('User_Sync_Orgo'!G2:G2000)="na")+(LOWER('User_Sync_Orgo'!G2:G2000)="n/a")+(LOWER('User_Sync_Orgo'!G2:G2000)="not applicable")))+IF(G42="Yes",SUMPRODUCT(('User_Sync_Orgo'!J2:J2000="Core")*((LOWER('User_Sync_Orgo'!G2:G2000)="pass")+(LOWER('User_Sync_Orgo'!G2:G2000)="fail")+(LOWER('User_Sync_Orgo'!G2:G2000)="failed")+(LOWER('User_Sync_Orgo'!G2:G2000)="blocked")+(LOWER('User_Sync_Orgo'!G2:G2000)="na")+(LOWER('User_Sync_Orgo'!G2:G2000)="n/a")+(LOWER('User_Sync_Orgo'!G2:G2000)="not applicable"))),0) -> 4 | K42: NS | L42: =IF(I42=0,0,J42/I42) -> 0.8
A43: 34 | B43: CloudLabs_Lab_Creation_Status | C43: =COUNTA('CloudLabs_Lab_Creation_Status'!B2:B2000) -> 49 | D43: =COUNTIF('CloudLabs_Lab_Creation_Status'!J2:J2000,"Smoke") -> 0 | E43: =COUNTIF('CloudLabs_Lab_Creation_Status'!J2:J2000,"Core") -> 37 | F43: =COUNTIF('CloudLabs_Lab_Creation_Status'!J2:J2000,"Extended") -> 12 | I43: =D43+IF(G43="Yes",E43,0) -> 0 | J43: =SUMPRODUCT(('CloudLabs_Lab_Creation_Status'!J2:J2000="Smoke")*((LOWER('CloudLabs_Lab_Creation_Status'!G2:G2000)="pass")+(LOWER('CloudLabs_Lab_Creation_Status'!G2:G2000)="fail")+(LOWER('CloudLabs_Lab_Creation_Status'!G2:G2000)="failed")+(LOWER('CloudLabs_Lab_Creation_Status'!G2:G2000)="blocked")+(LOWER('CloudLabs_Lab_Creation_Status'!G2:G2000)="na")+(LOWER('CloudLabs_Lab_Creation_Status'!G2:G2000)="n/a")+(LOWER('CloudLabs_Lab_Creation_Status'!G2:G2000)="not applicable")))+IF(G43="Yes",SUMPRODUCT(('CloudLabs_Lab_Creation_Status'!J2:J2000="Core")*((LOWER('CloudLabs_Lab_Creation_Status'!G2:G2000)="pass")+(LOWER('CloudLabs_Lab_Creation_Status'!G2:G2000)="fail")+(LOWER('CloudLabs_Lab_Creation_Status'!G2:G2000)="failed")+(LOWER('CloudLabs_Lab_Creation_Status'!G2:G2000)="blocked")+(LOWER('CloudLabs_Lab_Creation_Status'!G2:G2000)="na")+(LOWER('CloudLabs_Lab_Creation_Status'!G2:G2000)="n/a")+(LOWER('CloudLabs_Lab_Creation_Status'!G2:G2000)="not applicable"))),0) -> 0 | K43: NS | L43: =IF(I43=0,0,J43/I43) -> 0
B44: TOTAL | C44: =SUM(C10:C43) -> 2222 | D44: =SUM(D10:D43) -> 112 | E44: =SUM(E10:E43) -> 1664 | F44: =SUM(F10:F43) -> 302 | I44: =SUM(I10:I43) -> 112 | J44: =SUM(J10:J43) -> 72 | L44: =IF(I44=0,0,J44/I44) -> 0.64285714

Sheet Automation_Coverage
A1: Sheet | B1: Automated (Yes) | C1: Partial | D1: Deviation (finding) | E1: Deferred (gap) | F1: Not automated | G1: Total cases | H1: % automated
A2: Moodle_users | B2: 32 | C2: 0 | D2: 0 | E2: 0 | F2: 17 | G2: 49 | H2: 100%
A3: Upload_Users | B3: 43 | C3: 0 | D3: 0 | E3: 0 | F3: 5 | G3: 48 | H3: 100%
A4: Moodle_Tags | B4: 38 | C4: 2 | D4: 0 | E4: 0 | F4: 14 | G4: 54 | H4: 95%
A5: Moodle_Roles | B5: 62 | C5: 1 | D5: 0 | E5: 0 | F5: 26 | G5: 89 | H5: 98%
A6: Groups_Testcases | B6: 19 | C6: 5 | D6: 0 | E6: 0 | F6: 35 | G6: 59 | H6: 79%
A7: Moodle_Assessment_Labs | B7: 163 | C7: 133 | D7: 3 | E7: 47 | F7: 20 | G7: 366 | H7: 47%
A8: Practice_Project | B8: 72 | C8: 23 | D8: 36 | E8: 0 | F8: 79 | G8: 210 | H8: 55%
A9: Moodle_Sandbox_Labs | B9: 53 | C9: 0 | D9: 0 | E9: 0 | F9: 9 | G9: 62 | H9: 100%
A10: All Course Page | B10: 95 | C10: 0 | D10: 0 | E10: 0 | F10: 15 | G10: 110 | H10: 100%
A11: Pre_Delivery_Lab_Checklist | B11: 63 | C11: 8 | D11: 0 | E11: 0 | F11: 5 | G11: 76 | H11: 89%
A12: NuveBulkMail | B12: 6 | C12: 0 | D12: 0 | E12: 3 | F12: 104 | G12: 113 | H12: 67%
A13: AWS_Marketplace_Integration | B13: 5 | C13: 0 | D13: 1 | E13: 2 | F13: 31 | G13: 39 | H13: 62%
... A23: TOTAL (worked sheets) | B23: 738 | C23: 176 | D23: 43 | E23: 57 | F23: 459 | G23: 1473 | H23: 50%
A25: Legend: Yes=green test verifies this case | Partial=partly covered (see ref) | Deviation=fail-by-design finding | Deferred=derived gap not yet automated | No=not automated (ref=reason)
A26: Note: per-case marking is by judgement (a scenario can cover several cases). Sheets not listed here are 0% automated.

Sheet Moodle_users
A1: Title | B1: Summary | C1: Preconditions | D1: Product | E1: Category | F1: Priority | G1: Case_Status | H1: Steps | I1: Expected | J1: Regression_Tier | K1: Automated | L1: Automation_Ref
A2: User Registration: | B2: Verify that a new user can register successfully by admin | C2: Admin Access | D2: Moodle | E2: Moodle_users | F2: High | G2: Pass | H2: AUTOMATED - verified by moodle_users.feature @users. (Manual steps below may be inaccurate; the test is the source of truth.) --- 1)Login as admin 2)Click on site administration 3) Click on users 4)Click on add new user 5)Verify that admin can register new user | I2: Admin must be able to register new user | J2: Smoke | K2: Yes | L2: moodle_users.feature @U-user-1
A3: User Registration: | B3: Check that all mandatory fields (username, password, email, etc.) are required during registration | C3: Admin Access | D3: Moodle | E3: Moodle_users | F3: High | G3: Pass | H3: AUTOMATED - verified by @users. (Manual steps below may be inaccurate; the test is the source of truth.) --- 1)Login as admin 2)Click on site administration 3) Click on users 4)Click on add new user 5)Verify that username, password, email are mandatory | I3: All the mandatory fields are req during the registration | J3: Core | K3: Yes | L3: moodle_users.feature @U-user-2
A4: User Registration: | B4: Test the system's response when a user tries to register with an existing username or email. | C4: Admin Access | D4: Moodle | E4: Moodle_users | F4: High | G4: Pass | H4: AUTOMATED - verified by @users. (Manual steps below may be inaccurate; the test is the source of truth.) --- 1)Login as admin 2)Click on site administration 3) Click on users 4)Click on add new user 5) Enter the username or email that already exists 6) Verify that admin can use the already regissted username | I4: The system must throw an error saying user already exists | J4: Smoke | K4: Yes | L4: moodle_users.feature @U-user-5
A5: User Registration: | B5: Ensure that password complexity requirements are enforced | C5: Admin Access | D5: Moodle | E5: Moodle_users | F5: High | G5: Pass | H5: AUTOMATED - verified by @users. (Manual steps below may be inaccurate; the test is the source of truth.) --- 1)Login as admin 2)Click on site administration 3) Click on users 4)Click on add new user 5) Verify that password complexity requirements are enforced | I5: Password entered must satisfy the complexity req otherwise sysytem must throw an error | J5: Core | K5: Yes | L5: moodle_users.feature @U-user-3
A6: User Login | B6: Verify that registered users can log in with valid credentials | C6: Admin Access | D6: Moodle | E6: Moodle_users | F6: High | G6: Pass | H6: AUTOMATED (moodle_users.feature :: A registered user can log in with valid credentials) Given a registered user Then the user can log in with valid credentials | I6: The registered users must be able to login with the valid credentials | J6: Smoke | K6: Yes | L6: moodle_users.feature @U-user-7
A7: User Login | B7: Test the system's response when a user enters incorrect credentials. | C7: Admin Access | D7: Moodle | E7: Moodle_users | F7: High | G7: Pass | H7: AUTOMATED - verified by @users. (Manual steps below may be inaccurate; the test is the source of truth.) --- 1) Click on the site url 2) try login with wrong username or password 2) Verify that system's response when a user enters incorrect credentials. | I7: System must throw proper error saying invalid credentials | J7: Smoke | K7: Yes | L7: moodle_users.feature @U-user-8
A8: User Login | B8: Check for the "Remember Me" functionality. | C8: Admin Access | D8: Moodle | E8: Moodle_users | F8: High | G8: NA | H8: 1)Click on site url 2) click on remember me option 3) Verify that the rememberfunction is working correctly | I8: When remember me is selected username of the user must be stored by the browser | J8: Smoke | K8: No | L8: No — not automatable (mail/config/paid-enrol/activity-overlap/bulk-CSV/auth-plugin)
A9: User Login | B9: Verify that the system locks the account temporarily after a certain number of consecutive failed login attempts. | C9: Admin Access | D9: Moodle | E9: Moodle_users | F9: High | G9: Pass | H9: 1)Click on site url 2) try multiple login with wrong credentials 3) Verify that system locks the account temporarily after a certain number of consecutive failed login attempts. | I9: When user fails continous logins for multiple times then user profile must be locked. | J9: Core | K9: Yes | L9: moodle_users.feature @U-user-28
A10: User Login | B10: Verify the Forget Password functionality | C10: Admin Access | D10: Moodle | E10: Moodle_users | F10: High | G10: NA | H10: 1)Click on site url 2) Verify the Forget Password functionality | I10: When user clicks on forgot passwordand enters valid username/email an email to reset password is sent to respective registered mail to reset the new password | J10: Core | K10: No | L10: No — not automatable (mail/config/paid-enrol/activity-overlap/bulk-CSV/auth-plugin)
A11: User Profile | B11: Confirm that users can update their profile information (name, email, password, etc.). | C11: Admin Access | D11: Moodle | E11: Moodle_users | F11: High | G11: Pass | H11: AUTOMATED - verified by @users. (Manual steps below may be inaccurate; the test is the source of truth.) --- 1)Login as admin 2) Click on the site administration 3) Click on users 4) Click on browse users list 5) Verify that admin can update the user details | I11: Once user logs in he must be able to update his profile info accordingly | J11: Core | K11: Yes | L11: moodle_users.feature @U-user-18
A12: User Profile | B12: Check that profile updates are reflected correctly in the system | C12: Admin Access | D12: Moodle | E12: Moodle_users | F12: Medium | G12: Pass | H12: AUTOMATED - verified by @users. (Manual steps below may be inaccurate; the test is the source of truth.) --- 1)Login as admin 2) Click on the site administration 3) Click on users 4) Click on browse users list 5) Verify that admin updated user details are correctly reflected or not | I12: updates must be properly reflected | J12: Core | K12: Yes | L12: Covered by @U-user-18
... A23: Logout: | B23: Check for any session-related issues after logging out. | C23: Admin Access | D23: Moodle | E23: Moodle_users | F23: High | G23: Pass | H23: AUTOMATED - verified by @users. (Manual steps below may be inaccurate; the test is the source of truth.) --- 1) Login to the system 2)Logout from the system 3)Verify any session-related issues after logging out. | I23: There should be no session related issues after user logs out | J23: Core | K23: Yes | L23: moodle_users.feature @U-user-10
A24: Bulk Moodle user import | B24: Check if user I can be imported in bulk or not | C24: Admin Access | D24: Moodle | E24: Moodle_users | F24: Medium | G24: NA | I24: Users can be imported in bulk | J24: Core | K24: No | L24: No — not automatable (mail/config/paid-enrol/activity-overlap/bulk-CSV/auth-plugin)
A25: User workflow | B25: create a new user, delete user, edit the user details | C25: Admin Access | D25: Moodle | E25: Moodle_users | F25: High | G25: Pass | H25: AUTOMATED - verified by @users. (Manual steps below may be inaccurate; the test is the source of truth.) --- 1)Login as admin 2)Click on site administration 3) Click on users 4)Click on browse users list 5)Verify that admin can create a new user, delete user, edit the user details | I25: Admin must be able to perform all actions | J25: Core | K25: Yes | L25: moodle_users.feature @U-user-14
A26: User workflow | B26: Verify user is listing in the user listing page | C26: Admin Access | D26: Moodle | E26: Moodle_users | F26: Medium | G26: Pass | H26: AUTOMATED - verified by @users. (Manual steps below may be inaccurate; the test is the source of truth.) --- 1)Login as admin 2)Click on site administration 3) Click on users 4)Click on browse users list 5)Verify user is listing in the user listing page | I26: User must be listed after registration | J26: Core | K26: Yes | L26: moodle_users.feature @U-user-11
A27: User workflow | B27: Verify user can login to the Moodle when we disable the user at the Moodle level. | C27: Admin Access | D27: Moodle | E27: Moodle_users | F27: High | G27: Pass | H27: AUTOMATED - verified by @users. (Manual steps below may be inaccurate; the test is the source of truth.) --- 1)Login as admin 2)Click on site administration 3) Click on users 4)Click on browse list of users 5) disable the user 6) Verify that disabled user can login to the system | I27: User must not be able to login | J27: Core | K27: Yes | L27: moodle_users.feature @U-user-12
A28: User workflow | B28: Verify user can login to the Moodle when we enable the user at the Moodle level. | C28: Admin Access | D28: Moodle | E28: Moodle_users | F28: High | G28: Pass | H28: AUTOMATED - verified by @users. (Manual steps below may be inaccurate; the test is the source of truth.) --- 1)Login as admin 2)Click on site administration 3) Click on users 4)Click on browse list of users 5) Enable the user 6) Verify that enabled user can login to the system | I28: User must be able to login | J28: Core | K28: Yes | L28: Covered by @U-user-12
A29: User workflow | B29: Verify admin can create a cohort add users to the cohorts | C29: Admin Access | D29: Moodle | E29: Moodle_users | F29: Medium | G29: Pass | H29: AUTOMATED (moodle_users.feature :: Admin can create a cohort) Then admin can create a cohort that is listed | I29: Admin must be able to add users | J29: Core | K29: Yes | L29: moodle_users.feature @U-user-23
A30: User workflow | B30: Verify admin can delete the cohorts | C30: Admin Access | D30: Moodle | E30: Moodle_users | F30: Medium | G30: Pass | H30: AUTOMATED - verified by @users. (Manual steps below may be inaccurate; the test is the source of truth.) --- 1)Login as admin 2)Click on site administration 3) Click on users 4) Click on cohorts 5)Verify that admin can create the cohort and add users to cohort | I30: Admin must be able to delete | J30: Core | K30: Yes | L30: moodle_users.feature @U-user-24
A31: User workflow | B31: Email changed in moodle | C31: Admin Access | D31: Moodle | E31: Moodle_users | F31: Medium | G31: Pass | H31: AUTOMATED - verified by @users. (Manual steps below may be inaccurate; the test is the source of truth.) --- 1)Login as admin 2)Click on site administration 3) Click on users 4) Click on edit user 5) Verify that admin can change the user email | I31: Admin must be able to change the email | J31: Core | K31: Yes | L31: moodle_users.feature @U-user-13
A32: User Registration Gap Check | B32: Verify self-registration (signup) can be enabled/disabled via site policy and reflects immediately on the login page | C32: Admin access to site policies | D32: Moodle | E32: Moodle_users | F32: High | G32: NA | H32: 1) Login as admin 2) Site administration > Plugins > Authentication > Manage authentication 3) Toggle self-registration 4) Open login page as guest | I32: Self-registration link should appear/disappear according to the setting | J32: Extended | K32: No | L32: No — not automatable (mail/config/paid-enrol/activity-overlap/bulk-CSV/auth-plugin)
A33: User Registration Gap Check | B33: Verify duplicate email address (different username) is rejected during registration | C33: Admin access | D33: Moodle | E33: Moodle_users | F33: High | G33: Pass | H33: AUTOMATED (moodle_users.feature :: Duplicate email is rejected on user creation) Given a registered user When admin tries to create a user with the same email Then the form shows a duplicate-email error | I33: System should reject with a clear duplicate-email error, even though username differs | J33: Extended | K33: Yes | L33: Covered by @U-user-6
A34: User Login Gap Check | B34: Verify password reset link expires after the configured time window | C34: Password reset requested | D34: Moodle | E34: Moodle_users | F34: High | G34: NA | H34: 1) Trigger forgot-password 2) Wait past expiry window 3) Click the reset link | I34: Expired reset link should show an error and not allow password change | J34: Extended | K34: No | L34: No — not automatable (mail/config/paid-enrol/activity-overlap/bulk-CSV/auth-plugin)
A35: User Profile Gap Check | B35: Verify uploading an oversized or invalid file type as profile picture is rejected with a clear error | C35: User logged in | D35: Moodle | E35: Moodle_users | F35: Medium | G35: NA | H35: AUTOMATED (moodle_users.feature :: Invalid profile data is rejected) Given a registered user When the user saves an invalid email in their profile Then the profile form shows a validation error | I35: Upload should be rejected with an appropriate validation message | J35: Extended | K35: No | L35: No — not automatable (mail/config/paid-enrol/activity-overlap/bulk-CSV/auth-plugin)
A36: Bulk Moodle user import Gap Check | B36: Verify bulk user import (CSV) correctly reports row-level errors for malformed rows without failing the entire batch | C36: CSV with some invalid rows | D36: Moodle | E36: Moodle_users | F36: Medium | G36: NA | H36: 1) Prepare CSV with a mix of valid/invalid rows 2) Upload via bulk user upload | I36: Valid rows should be created; invalid rows should be reported individually with reasons | J36: Extended | K36: No | L36: No — not automatable (mail/config/paid-enrol/activity-overlap/bulk-CSV/auth-plugin)
A37: CGAP-U-1 | B37: Invalid email format is rejected during user creation | C37: Admin logged in | D37: Moodle | E37: Moodle_users | F37: High | G37: Pass | H37: AUTOMATED (moodle_users.feature :: Invalid email format is rejected on user creation) When admin creates a user with an invalid email format Then the form shows an email-format error | I37: Form is rejected with an email-format validation error; user is not created | K37: Yes | L37: moodle_users.feature @U-user-4
A38: CGAP-U-2 | B38: Duplicate email is rejected on creation (when same email is not allowed) | C38: allowaccountssameemail disabled; a user with email X exists | D38: Moodle | E38: Moodle_users | F38: High | G38: Pass | H38: AUTOMATED (moodle_users.feature :: Duplicate email is rejected on user creation) Given a registered user When admin tries to create a user with the same email Then the form shows a duplicate-email error | I38: Error that the email address is already registered; user not created | K38: Yes | L38: moodle_users.feature @U-user-6
A39: CGAP-U-3 | B39: Invalid username (uppercase/spaces) is rejected by the username policy | C39: Username policy (force lowercase / no spaces) enforced | D39: Moodle | E39: Moodle_users | F39: Medium | G39: Pass | H39: 1) Add a new user 2) Enter username with uppercase or spaces (e.g. 'Bad Name') 3) Save | I39: Username validation error is shown; user not created | K39: Yes | L39: moodle_users.feature @U-user-26
A40: CGAP-U-4 | B40: Admin can assign a system role to a user | C40: Admin logged in; target user exists | D40: Moodle | E40: Moodle_users | F40: High | G40: Pass | H40: 1) Site admin > Users > Permissions > Assign system roles 2) Select a role 3) Add the user | I40: User is granted the selected system role | K40: Yes | L40: moodle_users.feature @U-user-30
A41: CGAP-U-5 | B41: Admin can bulk suspend/delete users from the user list | C41: Multiple users exist | D41: Moodle | E41: Moodle_users | F41: High | G41: Pass | H41: 1) Site admin > Users > Bulk user actions 2) Filter and add users to selection 3) Choose Suspend (or Delete) 4) Confirm | I41: The action is applied to every selected user | K41: Yes | L41: moodle_users.feature @U-user-31
A42: CGAP-U-6 | B42: A deleted user cannot log in and is not listed | C42: A test user exists | D42: Moodle | E42: Moodle_users | F42: High | G42: Pass | H42: AUTOMATED (moodle_users.feature :: A deleted user cannot log in and is not listed) Given a registered user When admin deletes the user Then the deleted user cannot log in And the deleted user is not listed | I42: Login fails; the user no longer appears in the user list | K42: Yes | L42: moodle_users.feature @U-user-15
A43: CGAP-U-7 | B43: Force password change on first login is enforced | C43: Admin logged in | D43: Moodle | E43: Moodle_users | F43: Medium | G43: Pass | H43: AUTOMATED (moodle_users.feature :: Force password change on first login is enforced) When admin creates a user with force password change Then the user is forced to change password on login | I43: User is required to change the password before continuing | K43: Yes | L43: moodle_users.feature @U-user-20
A44: CGAP-U-8 | B44: A user can change their own password | C44: A registered user | D44: Moodle | E44: Moodle_users | F44: High | G44: Pass | H44: AUTOMATED (moodle_users.feature :: A user can change their own password) Given a registered user Then the user can change their own password and log in with it | I44: Password is changed; user can log in with the new password | K44: Yes | L44: moodle_users.feature @U-user-21
A45: CGAP-U-9 | B45: Admin can add and remove a user from a cohort | C45: A cohort and a user exist | D45: Moodle | E45: Moodle_users | F45: High | G45: Pass | H45: 1) Site admin > Users > Cohorts > Assign 2) Add the user 3) Then remove the user | I45: Cohort membership updates to reflect add and remove | K45: Yes | L45: moodle_users.feature @U-user-25
A46: CGAP-U-10 | B46: A user with the 'No login' authentication method cannot log in | C46: A registered user | D46: Moodle | E46: Moodle_users | F46: Medium | G46: NA | H46: 1) Edit the user; set authentication method to 'No login' 2) Attempt to log in | I46: Login is blocked for the no-login user | K46: No | L46: No — not automatable (mail/config/paid-enrol/activity-overlap/bulk-CSV/auth-plugin)
A47: CGAP-U-11 | B47: The admin user-list filter returns the correct user | C47: Users exist | D47: Moodle | E47: Moodle_users | F47: Medium | G47: Pass | H47: 1) Site admin > Users > Browse list of users 2) Filter by email or full name | I47: Only the matching user(s) are listed | K47: Yes | L47: moodle_users.feature @U-user-16
A48: CGAP-U-12 | B48: A suspended user is flagged as suspended in the user list | C48: A registered user | D48: Moodle | E48: Moodle_users | F48: Medium | G48: Pass | H48: 1) Suspend the user 2) View the browse-users list | I48: The user is shown with a suspended indicator | K48: Yes | L48: moodle_users.feature @U-user-17
A49: CGAP-U-13 | B49: An already-enrolled user opens the course page | C49: User is enrolled in a course | D49: Moodle | E49: Moodle_users | F49: Medium | G49: Pass | H49: 1) Log in as enrolled user 2) Open course URL | I49: Course home is shown; user is not prompted to enrol again | K49: No | L49: No — not automatable (mail/config/paid-enrol/activity-overlap/bulk-CSV/auth-plugin) | M49: Automation gap (derived enrolment landing) 2026-09-29
A50: CGAP-U-14 | B50: Admin can bulk delete users from the user list | C50: Two disposable users exist | D50: Moodle | E50: Moodle_users | F50: High | G50: Pass | H50: 1) Site admin > Users > Browse list 2) Select users 3) Bulk delete and confirm | I50: Selected users are removed and cannot log in | K50: No | L50: No — not automatable (mail/config/paid-enrol/activity-overlap/bulk-CSV/auth-plugin) | M50: Automation gap (derived bulk delete) 2026-09-29

Sheet Upload_Users
A1: Title | B1: Summary | C1: Preconditions | D1: Product | E1: Category | F1: Priority | G1: Case_Status | H1: Steps | I1: Expected | J1: Regression_Tier | K1: Automated | L1: Automation_Ref
A2: UU-01 | B2: Admin can open Site administration > Users > Accounts > Upload users | C2: Site administrator account; Moodle Upload users page available | D2: Moodle | E2: Upload Users | F2: High | G2: Pass | H2: Derived from Moodle 4.5 Upload users control inventory, CSV state model, and role/input matrices. | I2: Upload form shows the file, encoding, delimiter and preview-row controls. | J2: Core | K2: Yes | L2: upload_users.feature @UU-S1
A3: UU-02 | B3: The example Upload users CSV can be downloaded | C3: Site administrator account; Moodle Upload users page available | D3: Moodle | E3: Upload Users | F3: High | G3: Pass | H3: Derived from Moodle 4.5 Upload users control inventory, CSV state model, and role/input matrices. | I3: Downloaded CSV contains the required username, firstname, lastname and email headers. | J3: Core | K3: Yes | L3: Covered by @UU-S1
A4: UU-03 | B4: A valid three-user CSV creates all users | C4: Site administrator account; Moodle Upload users page available | D4: Moodle | E4: Upload Users | F4: High | G4: Pass | H4: Derived from Moodle 4.5 Upload users control inventory, CSV state model, and role/input matrices. | I4: Results report three created users; all are listed and one can log in. | J4: Core | K4: Yes | L4: Covered by @UU-S1
A5: UU-04 | B5: Preview shows parsed CSV rows before upload is committed | C5: Site administrator account; Moodle Upload users page available | D5: Moodle | E5: Upload Users | F5: High | G5: Pass | H5: Derived from Moodle 4.5 Upload users control inventory, CSV state model, and role/input matrices. | I5: Preview lists the CSV usernames and no account exists before Upload users is clicked. | J5: Core | K5: Yes | L5: upload_users.feature @UU-S2
A6: UU-05 | B6: Cancel from preview does not create users | C6: Site administrator account; Moodle Upload users page available | D6: Moodle | E6: Upload Users | F6: High | G6: Pass | H6: Derived from Moodle 4.5 Upload users control inventory, CSV state model, and role/input matrices. | I6: The preview is left and none of its usernames exists. | J6: Core | K6: Yes | L6: Covered by @UU-S2
A7: UU-06 | B7: No file and an empty file are rejected | C7: Site administrator account; Moodle Upload users page available | D7: Moodle | E7: Upload Users | F7: High | G7: Pass | H7: Derived from Moodle 4.5 Upload users control inventory, CSV state model, and role/input matrices. | I7: A validation error is shown and no account is created. | J7: Core | K7: Yes | L7: upload_users.feature @UU-S3
A8: UU-07 | B8: A CSV missing a required username or email header is rejected | C8: Site administrator account; Moodle Upload users page available | D8: Moodle | E8: Upload Users | F8: High | G8: Pass | H8: Derived from Moodle 4.5 Upload users control inventory, CSV state model, and role/input matrices. | I8: Preview/upload reports the missing field and creates no account. | J8: Core | K8: Yes | L8: upload_users.feature @UU-S4
A9: UU-08 | B9: A mixed valid and malformed CSV reports row-level errors without aborting | C9: Site administrator account; Moodle Upload users page available | D9: Moodle | E9: Upload Users | F9: High | G9: Pass | H9: Derived from Moodle 4.5 Upload users control inventory, CSV state model, and role/input matrices. | I9: The valid row is created; missing email, invalid email and invalid username rows report errors. | J9: Core | K9: Yes | L9: upload_users.feature @UU-S5
A10: UU-09 | B10: Add new only skips an existing username | C10: Site administrator account; Moodle Upload users page available | D10: Moodle | E10: Upload Users | F10: High | G10: Pass | H10: Derived from Moodle 4.5 Upload users control inventory, CSV state model, and role/input matrices. | I10: Existing account is unchanged while new rows are created. | J10: Core | K10: Yes | L10: upload_users.feature @UU-S6
A11: UU-10 | B11: Add new and update existing overrides an existing user from file | C11: Site administrator account; Moodle Upload users page available | D11: Moodle | E11: Upload Users | F11: High | G11: Pass | H11: Derived from Moodle 4.5 Upload users control inventory, CSV state model, and role/input matrices. | I11: Existing details are updated and a new CSV user is created. | J11: Core | K11: Yes | L11: upload_users.feature @UU-S7
A12: UU-11 | B12: Update existing only updates matches and ignores unknown usernames | C12: Site administrator account; Moodle Upload users page available | D12: Moodle | E12: Upload Users | F12: High | G12: Pass | H12: Derived from Moodle 4.5 Upload users control inventory, CSV state model, and role/input matrices. | I12: Existing account is updated and the unknown username is not created. | J12: Core | K12: Yes | L12: upload_users.feature @UU-S8
... A49: UU-48 | B49: Duplicate emails can be allowed when the site setting permits it | C49: Site administrator account; Moodle Upload users page available | D49: Moodle | E49: Upload Users | F49: Medium | G49: NA | H49: Derived from Moodle 4.5 Upload users control inventory, CSV state model, and role/input matrices. | I49: Two usernames can share an email only when site and upload settings allow it. | J49: Extended | K49: No | L49: Not automatable for now: requires a site-wide duplicate-email config mutation

Sheet Moodle_Assessment_Labs
A1: Title | B1: Summary | C1: Preconditions | D1: Product | E1: Category | F1: Priority | G1: Case_Status | H1: Steps | I1: Expected | J1: Regression_Tier | K1: Automated | L1: Automation_Ref
A2: Moodle_Assessment_CreateActivity | B2: Verify Admin can create assessment activity for all platforms (AMAZON, CSP, GCP) | C2: 1)Lab template should be created. | D2: Moodle | E2: Moodle_Assessment_Labs | F2: Medium | G2: Pass | H2: 1)Login as admin 2)Click on All Courses 3) Select any course and click on Turn editing on 4)Under any Topic, click on Add an activity or resource 5)click on Lab 6)enter the name and description 7)select the lab type -playground 8)select the lab template 9)click on save and verify the playground activity is created | I2: Admin should create activity for all platforms (AMAZON, CSP, GCP) | J2: Core | K2: Yes | L2: assessment_create.feature @A-create-full
A3: Moodle_Assessment_DueDateCheck | B3: Verify when due date reached assessment getting completed automatically. | C3: 1)Activity should created with start and end date. | D3: Moodle | E3: Moodle_Assessment_Labs | F3: Medium | G3: Blocked | H3: 1)Login as user 2) Click on all courses and select the course 3) Click on start assessment 4) wait untill due date is reached 5) Verify that when due date reached assessment getting completed automatically. | I3: Assessment should complete when due date reached. | J3: Core | K3: Partial | L3: assessment_user_functionality.feature @A2
A4: Moodle_Assessment_DurationCheck | B4: Verify when duration is reached assessment getting completed automictically. | C4: 1)Activity should created with duration. | D4: Moodle | E4: Moodle_Assessment_Labs | F4: Medium | G4: Pass | H4: 1)Login as user 2) Click on all courses and select the course 3) Click on start assessment 4) wait untill duration is reached 5) Verify that when duration reached assessment getting completed automatically. | I4: Assessment should complete when duration is reached. | J4: Core | K4: Yes | L4: assessment_user_functionality.feature @A-user-13
A5: Moodle_Assessment_AttemptsCheck | B5: Verify when attempts completed assessment shouldn't complete automatically. | C5: 1)Activity should created with specified attempts. | D5: Moodle | E5: Moodle_Assessment_Labs | F5: Medium | G5: Blocked | H5: 1)Login as user 2) Click on all courses and select the course 3) Click on start assessment 4) Submit the attempt 5)Total attempts allowed should be completed 6) Verify that when attempts cpmpleted assessment should not complete automatically. | I5: Assessment shouldn't complete when attempts are overed. | J5: Core | K5: Partial | L5: assessment_user_functionality.feature @A4
A6: Moodle_AssessmentComplete_ButtonCheck | B6: Verify when admin/user click on complete assessment button assessment should completed. | C6: 1)create a assessment activity. | D6: Moodle | E6: Moodle_Assessment_Labs | F6: High | G6: pass | H6: 1)Login as user 2) Click on all courses and select the course 3) Click on start assessment 4) Submit the attempt 5)Click on complete assessment 6) Verify that assessment should complete when user clicked on complete assessment. | I6: Assessment should complete when admin/user click on assessment complete button | J6: Core | K6: Deferred | L6: Deferred: needs a completed-attempt / running-lab fixture (marks/actions/console/grade-update/no-new-submission) - covered structurally by @assesslab; explicit assertion is provisioning
A7: Moodle_Assessment_SubmitButtonCheck | B7: Verify submit challenge button is working fine | C7: 1)create a Assessment activity. | D7: Moodle | E7: Moodle_Assessment_Labs | F7: High | G7: Pass | H7: AUTOMATED (assessment_lab.feature :: A student submits an assessment attempt and it evaluates end to end) Given a student is enrolled in the assessment course When the student starts the assessment Then the assessment control panel is shown And the assessment lab reaches Running When the student submits the assessment attempt Then the attempt is evaluated | I7: submit challenge button should work when user/admin clicks. | J7: Smoke | K7: Yes | L7: assessment_user_functionality.feature @A-user-1
A8: Moodle_Assessment_EvaluationCheck | B8: Verify when assessment complete submissions are being evaluated. | C8: 1)create a Assessment activity. | D8: Moodle | E8: Moodle_Assessment_Labs | F8: High | G8: Pass | H8: AUTOMATED (assessment_lab.feature :: A student submits an assessment attempt and it evaluates end to end) Given a student is enrolled in the assessment course When the student starts the assessment Then the assessment control panel is shown And the assessment lab reaches Running When the student submits the assessment attempt Then the attempt is evaluated | I8: Attempts should evaluate when assessment completed automatically. | J8: Core | K8: Yes | L8: assessment_user_functionality.feature @A-user-5
A9: Moodle_Assessment_EvaluationCheck | B9: Verify marks are updating correctly after the auto evaluation. | C9: 1)create a Assessment activity. | D9: Moodle | E9: Moodle_Assessment_Labs | F9: High | G9: pass | H9: 1) Login as user 2) Click on all courses and select the course 3)Click on auto evaluating assessment activity 4) Click on start assessment 5) Click on Submit attempt 6)Verify marks are updating correctly after the auto evaluation. | I9: marks should update correctly. | J9: Core | K9: Deferred | L9: Deferred: needs a completed-attempt / running-lab fixture (marks/actions/console/grade-update/no-new-submission) - covered structurally by @assesslab; explicit assertion is provisioning
A10: Moodle_Assessment_UserAssessmentCheck | B10: Verify user assessment page users are listing correctly. | C10: 1)create a Assessment activity. 2)Attempts the activity with different users. | D10: Moodle | E10: Moodle_Assessment_Labs | F10: Medium | G10: pass | H10: 1)Login as user 2) Click on all courses and select the course 3)Click on assessment activity 4)Verify that assessment page are listing correctly | I10: Attempted users should list in the user assessment page. | J10: Core | K10: Yes | L10: assessment_user_attempts_page.feature @A9
A11: Moodle_Assessment_UseLabsCheck | B11: Verify user labs page labs are listing correctly | C11: 1)create a Assessment activity. 2)Attempts the activity with different users. | D11: Moodle | E11: Moodle_Assessment_Labs | F11: Medium | G11: pass | H11: 1)Login as admin 2)Click on All Courses 3) Select any course 4)Click on assessment activity 5) CLick on manage user labs 6) Verify that user labs page labs are listing correctly | I11: Attempted users should list in the user labs page. | J11: Core | K11: Yes | L11: assessment_lab_actions.feature @A10
A12: Moodle_Assessment_OverridesCheck | B12: Verify user override page users are listing correctly | C12: 1)create a Assessment activity. 2)Attempts overridden activity with different users. | D12: Moodle | E12: Moodle_Assessment_Labs | F12: High | G12: pass | H12: AUTOMATED (assessment_admin.feature :: Manage challenges lists enrolled users with attempt columns) When admin opens manage challenges Then the manage challenges table lists users with attempt columns | I12: Override Attempted users should list in the users override page. | J12: Core | K12: Yes | L12: assessment_lab_actions.feature @A11
... A26: V1_CR_Assessment reopening | B26: To verify if admin can re-open assessment if user attempts have been completed | C26: Assessment attempts should be completed | D26: Moodle | E26: Moodle_Assessment_Labs | F26: Medium | G26: pass | H26: 1)Login as admin 2)Click on All Courses 3) Select any course 4) Click on assessment activity 5) Click on manage user assessment 6) Select the user whose attempts are completed and click on override 7) Verify that admin is should not able to reopen the assessment | I26: Admin shouldn't re-open assessment if user attempts have been completed | J26: Core | K26: Yes | L26: assessment_reopening.feature @A25
A27: V1_CR_Assessment reopening | B27: To verify if admin can reopen assessment if user duration is completed | C27: Assessment duration should be completed | D27: Moodle | E27: Moodle_Assessment_Labs | F27: Medium | G27: pass | I27: Admin must be reopen assessment if user duration is completed | J27: Core | K27: Yes | L27: assessment_reopening.feature @A26
A28: V1_CR_Assessment reopening | B28: To verify if admin can reopen assessment if user manually clicked on complete assessment | C28: Assessment should be completed manually | D28: Moodle | E28: Moodle_Assessment_Labs | F28: High | G28: pass | H28: 1)Login as admin 2)Click on All Courses 3) Select any course 4) Click on assessment activity 5) Click on manage user assessment 6) Select the user whose assessment is in completed state and click on override 7) Verify that admin is able to reopen the assessment | I28: Admin must be reopen assessment if user completed the assessment | J28: Core | K28: Yes | L28: assessment_reopening.feature @A27
A29: V1_CR_Assessment reopening | B29: To verify if admin can reopen assessment if user enrolment end date is completed | C29: user enrolment date should be completed | D29: Moodle | E29: Moodle_Assessment_Labs | F29: High | G29: Blocked | H29: 1)Login as admin 2)Click on All Courses 3) Select any course 4) Click on assessment activity 5) Click on manage user assessment 6) Select the user whose enrolment end date is completed and click on override 7) verify if admin can reopen assessment if user enrolment end date is completed | I29: admin should re-open the assessment when end date is completed | J29: Smoke | K29: Partial | L29: assessment_reopening.feature @A28
A30: V1_CR_Assessment reopening | B30: To verify if admin has option to reopen assessment by extending either attempts/time/date or all 3 has to be extended. | C30: Assessment in completed state | D30: Moodle | E30: Moodle_Assessment_Labs | F30: Medium | G30: Pass | H30: 1)Login as admin 2)Click on All Courses 3) Select any course 4) Click on assessment activity 5) Click on manage user assessment 6) verify if admin has option to reopen assessment by extending either attempts/time/date or all 3 has to be extended. | I30: Admin must be able to extend the attempts/time/date | J30: Core | K30: Yes | L30: assessment_reopening.feature @A29
A31: V1_CR_Assessment reopening | B31: To verify if admin can reopen assessment for multiple users at same time | C31: Assessment in completed state multiple time for same user | D31: Moodle | E31: Moodle_Assessment_Labs | F31: Medium | G31: Blocked | H31: 1)Login as admin 2)Click on All Courses 3) Select any course 4) Click on assessment activity 5) Click on manage user assessment 6) Verify that admin can reopen the assessment for multiple users | I31: admin shouldn’t re-open the assessment multiple user at the same time | J31: Core | K31: Partial | L31: assessment_reopening.feature @A30
A32: V1_CR_Assessment reopening | B32: To verify if the admin can reopen an assessment which is not completed yet | C32: Assessment shouldn't be completed state | D32: Moodle | E32: Moodle_Assessment_Labs | F32: Medium | G32: Blocked | H32: 1)Login as admin 2)Click on All Courses 3) Select any course 4) Click on assessment activity 5) Click on manage user assessment 6) Select the user whose assessment is in inprogress state and click on override 7) Verify that admin can reopen an assessment which is not completed yet | I32: Admin shouldn't able to re-open the assessment which is not completed | J32: Core | K32: Partial | L32: assessment_reopening.feature @A31
A33: V1_CR_Assessment reopening | B33: To verify when assessment is reopened does the user get back the existing lab configurations. | C33: Assessment in completed state | D33: Moodle | E33: Moodle_Assessment_Labs | F33: Medium | G33: Blocked | I33: user should able to get existing lab configurations | J33: Core | K33: Partial | L33: assessment_reopening.feature @A32
A34: V1_CR_Adding attempts | B34: To verify admin can add extra attempts/duration/date to the assessment when the assessment is in active state | C34: Assessment should be in-progress state | D34: Moodle | E34: Moodle_Assessment_Labs | F34: Medium | G34: pass | I34: Admin shouldn't able to add extra attempts/duration/date to the assessment | J34: Core | K34: Yes | L34: assessment_lab_actions.feature @A33
A35: V1_CR_Assessment reopening | B35: To verify if there is a new column "Completion status" added in manage assessment page for admin. | C35: Assessment in completed state | D35: Moodle | E35: Moodle_Assessment_Labs | F35: Medium | H35: 1)Login as admin 2)Click on All Courses 3) Select any course 4)Click on assessment activity 5) CLick on manage user assessments 6) Verify that completion status column is added in manage user assessment page | I35: Completion status must be available in manage assessment page. | J35: Core | K35: Yes | L35: assessment_reopening.feature @A34
A36: V1_CR_Assessment reopening | B36: To verify if both duration and attempts are completed and admin reopens the assessment if user is still able to take new attempt. | C36: Assessment in completed state | D36: Moodle | E36: Moodle_Assessment_Labs | F36: Medium | H36: 1)Login as user 2)Click on All Courses 3) Select any course and select the course 4) Click on any assessment activity 5) Verify that user can still able to take the assessment | I36: user should be able to attend the new attempt. | J36: Core | K36: Partial | L36: assessment_reopening.feature @A35
A37: V1_CR_Assessment reopening | B37: To verify if the submission was InProgress and user manually completed the assessment when its re-opened by admin will the old submission continue or user will get new attempt | C37: Assessment in completed state | D37: Moodle | E37: Moodle_Assessment_Labs | F37: Medium | I37: user should not be able to complete the inprogress submission | J37: Core | K37: Partial | L37: assessment_reopening.feature @A36
A38: V1_CR_Assessment reopening | B38: To verify if the user got extra attempt/time will the end result be highest grade including the new attempts as well | C38: Assessment in completed state | D38: Moodle | E38: Moodle_Assessment_Labs | F38: High | I38: To verify if the user got extra attempt/time will the end result be the highest grade including the new attempts as well | J38: Core | K38: Yes | L38: assessment_reopening.feature @A37
A39: V1_CR_Assessment reopening | B39: To verify if the admin is able to see the changes made for a users while re-opening separately to track or not | C39: Assessment in completed state | D39: Moodle | E39: Moodle_Assessment_Labs | F39: Medium | I39: admin must able to see In the manage user override page. | J39: Core | K39: Yes | L39: assessment_reopening.feature @A38
A40: V1_CR_Assessment reopening | B40: To verify if the admin is able to modify the time/attempts/date for user after reopening the attempt. | C40: users should not start the new attempt submission. | D40: Moodle | E40: Moodle_Assessment_Labs | F40: Medium | I40: admin must able to modify the time/attempts/date after re-opening the assessment | J40: Core | K40: Yes | L40: assessment_reopening.feature @A39
A41: V1_CR_Assessment reopening | B41: To verify if the admin is able to delete the new attempts /modify the extended duration & date after reopening | C41: users should not start the new attempt submission. | D41: Moodle | E41: Moodle_Assessment_Labs | F41: Medium | I41: admin must able to delete the override assessments | J41: Core | K41: Partial | L41: assessment_reopening.feature @A40
A42: V1_CR_Assessment reopening | B42: To verify when the user unenrolls and enrols again to the course if it shows default values or the override values for the assessment | C42: Assessment in completed state | D42: Moodle | E42: Moodle_Assessment_Labs | F42: High | I42: User should able to get a override configurations | J42: Smoke | K42: Partial | L42: assessment_reopening.feature @A41
A43: V1_CR_Assessment reopening | B43: To verify admin can add a comment when he re-opening the assessment with extra duration/attempts/date. | C43: Assessment in completed state | D43: Moodle | E43: Moodle_Assessment_Labs | F43: Medium | I43: Admin must able to add comment for the override assessment | J43: Core | K43: Yes | L43: assessment_reopening.feature @A42
A44: V1_CR_Assessment reopening | B44: Verify admin can clear all submissions of the user when debug mode set as developer state. | C44: Attempts should be taken by user | D44: Moodle | E44: Moodle_Assessment_Labs | F44: Medium | I44: admin should clear all the attempts of the user. | J44: Core | K44: Partial | L44: assessment_reopening.feature @A43
A45: V1_CR_Assessment reopening | B45: Verify if admin clears all attempts of the user still he can list them in the mange user assessment page. | C45: Attempts should be taken by user | D45: Moodle | E45: Moodle_Assessment_Labs | F45: Medium | I45: user should list In the mange user assessment page. | J45: Core | K45: Partial | L45: assessment_reopening.feature @A44 (may skip without completed user)
A46: V1_CR_Assessment reopening | B46: Verify admin can override allowed submissions/duration to unlimited. | C46: Assessment should be completed | D46: Moodle | E46: Moodle_Assessment_Labs | F46: High | I46: Admin should override attempts/duration to unlimited. | J46: Core | K46: Yes | L46: assessment_reopening.feature @A45
A47: V1_CR_Assessment reopening | B47: Verify Admin should be able to increase the number of submissions/duration to exceed the global setting while overriding the assessment. | C47: Assessment should be completed | D47: Moodle | E47: Moodle_Assessment_Labs | F47: Medium | I47: Admin should override attempts/duration greater than the global setting. | J47: Core | K47: Partial | L47: assessment_reopening.feature @A46 (may skip without completed user)
A48: V1_CR_Assessment reopening | B48: Verify admin should override the assessment by decrease the number of submissions and duration to less than the global setting. | C48: Assessment should be completed | D48: Moodle | E48: Moodle_Assessment_Labs | F48: High | I48: Admin should override submissions/duration less than the global setting. | J48: Core | K48: Yes | L48: assessment_reopening.feature @A47
... A98: Moodle_CR25_assessment Different marks for each test case | B98: verify when user completed the programming assessment with different logic then for each test case different marks should display. | C98: 1)Create assessment activity. 2)attempt the activity. | D98: Moodle | E98: Moodle_Assessment_Labs | F98: Medium | I98: Different marks should display. | J98: Core | K98: No | L98: not yet automated - marks/cron/proctoring/data-verification
B99: If duration in orgo is modified then does it reflect in moodle | D99: Moodle | E99: Moodle_Assessment_Labs | F99: Medium | I99: duration should reflect in moodle | J99: Core | K99: No | L99: not yet automated - marks/cron/proctoring/data-verification
B100: Default timezone is set check how cron behaves---check with lithin once too | D100: Moodle | E100: Moodle_Assessment_Labs | F100: High | J100: Core | K100: No | L100: not yet automated - marks/cron/proctoring/data-verification
B101: Check for year transitions for start n end dates | D101: Moodle | E101: Moodle_Assessment_Labs | F101: Medium | J101: Core | K101: No | L101: not yet automated - marks/cron/proctoring/data-verification
A102: Start Assessment | B102: Verify if the start date is future date and user can start assessement or not | C102: Assessment should be created on future date | D102: Moodle | E102: Moodle_Assessment_Labs | F102: Medium | G102: Pass | I102: Assessment should not start. | J102: Core | K102: Yes | L102: assessment_user_functionality.feature @A-user-10
A103: Moodle_Assessment_UserAttemptsPage | B103: Verify that message is displayed if the comment is updated | C103: comment should be updated | D103: Moodle | E103: Moodle_Assessment_Labs | F103: Medium | I103: comment updated message should be displayed | J103: Core | K103: Yes | L103: assessment_user_attempts_page.feature @A102
A104: Moodle_Assessment_UserAttemptsPage | B104: Verify that message is displayed if the grades updated | C104: grade should be updated | D104: Moodle | E104: Moodle_Assessment_Labs | F104: High | I104: Grade updated message should be displayed | J104: Core | K104: Yes | L104: assessment_user_attempts_page.feature @A103
A105: Moodle_Assessment_UserAttemptsPage | B105: Verify that message is displayed if the attempt submitted | C105: Attempt should be Submitted | D105: Moodle | E105: Moodle_Assessment_Labs | F105: Medium | I105: Attempt submitted message should be displayed | J105: Core | K105: Yes | L105: assessment_user_attempts_page.feature @A104
A106: Moodle_Assessment_UserAttemptsPage | B106: Verify that message is displayed if the attempts deleted | C106: Attempts should be deleted | D106: Moodle | E106: Moodle_Assessment_Labs | F106: Medium | I106: Attempt deleted message should be displayed | J106: Core | K106: Yes | L106: assessment_user_attempts_page.feature @A105
A107: Moodle_Assessment_UserAssementPage | B107: Verify that message is displayed if the email sent | C107: Email should be sent | D107: Moodle | E107: Moodle_Assessment_Labs | F107: Medium | I107: Email sent message should be displayed | J107: Core | K107: Yes | L107: assessment_user_attempts_page.feature @A106
A108: Moodle_Assessment_Start_Assessment | B108: Verify that the pop up message comes when clicked on start assessment button | C108: Assessment activity should be created | D108: Moodle | E108: Moodle_Assessment_Labs | F108: Medium | I108: Start assessment pop up should come in manage submission page | J108: Core | K108: Partial | L108: assessment_user_functionality.feature @A107
A109: Moodle_Assessment_Stop lab | B109: Verify that pop up message comes when user performs stop lab aaction | C109: Assessment should be in start state | D109: Moodle | E109: Moodle_Assessment_Labs | F109: High | I109: Stop assessment pop up should come in manage submission page. | J109: Smoke | K109: Yes | L109: assessment_user_functionality.feature @A108
A110: Moodle_Assessment_Submit_attempt | B110: Verify that pop up message is available for submit attempt | C110: Assessment should be started | D110: Moodle | E110: Moodle_Assessment_Labs | F110: High | I110: Submit attempt pop up mesdage should come | J110: Core | K110: Yes | L110: assessment_user_functionality.feature @A109
A111: Moodle_Assessment_Complete_Activity | B111: Verify that user can manually complete the assessment | C111: Assessment should be started | D111: Moodle | E111: Moodle_Assessment_Labs | F111: Medium | I111: Assessment should get completed | J111: Core | K111: Partial | L111: assessment_user_functionality.feature @A110
A112: Moodle_Assessment_Complete_Activity | B112: Verify that the check box is available in the complete assessment pop up message | C112: Click on complete assessment | D112: Moodle | E112: Moodle_Assessment_Labs | F112: High | I112: Check box should be available | J112: Core | K112: Partial | L112: assessment_user_functionality.feature @A111
A113: Moodle_Assessment_Accesslab | B113: Verify that access lab button pops up when clicked on jump to console | C113: Click on jump to console button | D113: Moodle | E113: Moodle_Assessment_Labs | F113: Medium | G113: Pass | I113: Access lab button should come | J113: Core | K113: Yes | L113: assessment_user_functionality.feature @A-user-17
A114: Moodle_Assessment_Assessment lab | B114: Verify that login username and password available in the assessment lab page | C114: Assessment should be started | D114: Moodle | E114: Moodle_Assessment_Labs | F114: High | G114: Pass | I114: Username and password should be available | J114: Core | K114: Yes | L114: assessment_user_functionality.feature @A113
A115: Moodle_Assessment_Assessment lab | B115: Verify that user can change password in assessment lab page | C115: Assessment should be started | D115: Moodle | E115: Moodle_Assessment_Labs | F115: High | I115: user should be able to change the password | J115: Core | K115: Yes | L115: assessment_user_functionality.feature @A114
A116: Moodle_Assessment_UserAttemptsPage | B116: Verify that admin can manually update the grade in user assessment page | C116: Assessment should be submitted | D116: Moodle | E116: Moodle_Assessment_Labs | F116: High | I116: Admin should be able to update the grade | J116: Core | K116: Yes | L116: assessment_user_attempts_page.feature @A115
A117: Moodle_Assessment_UserAttemptsPage | B117: Verify that admin can manually delete the submissions by id in user assement page | C117: Assessment attempt should be taken | D117: Moodle | E117: Moodle_Assessment_Labs | F117: Medium | I117: Admin should be able to delete the attempt | J117: Core | K117: Yes | L117: assessment_user_attempts_page.feature @A116
A118: Moodle_Assessment_UserAttemptsPage | B118: Verify that admin can update the comment for the user | C118: Assessment should be completed | D118: Moodle | E118: Moodle_Assessment_Labs | F118: Medium | I118: Admin should be able to update the comment | J118: Core | K118: Yes | L118: assessment_user_attempts_page.feature @A117
A119: Moodle_Assessment_UserAttemptsPage | B119: Verify that evalaution result button is available in manage user submissions page | C119: shouls be in manage user attempts page | D119: Moodle | E119: Moodle_Assessment_Labs | F119: Medium | I119: Evaluation result button should be available | J119: Core | K119: Yes | L119: assessment_user_attempts_page.feature @A118
A120: Moodle_Assessment_UserAttemptsPage | B120: Verify that search by status is working fine in manage user submissions page | C120: assessment attempt should be taken | D120: Moodle | E120: Moodle_Assessment_Labs | F120: Medium | I120: Search should work based on status | J120: Core | K120: Yes | L120: assessment_user_attempts_page.feature @A119
A121: Moodle_Assessment_UserAttemptsPage | B121: Verify that admin can perform start action in manage user submissions page | C121: lab Should be created | D121: Moodle | E121: Moodle_Assessment_Labs | F121: Medium | I121: Admin should be able to perform start lab action | J121: Core | K121: Partial | L121: assessment_user_attempts_page.feature @A120
A122: Moodle_Assessment_UserAttemptsPage | B122: Verify that admin can perform stop action in manage user submissions page | C122: Lab should be in create or start state | D122: Moodle | E122: Moodle_Assessment_Labs | F122: Medium | I122: Admin should be able to perform stop lab action | J122: Core | K122: Partial | L122: assessment_user_attempts_page.feature @A121
A123: Moodle_Assessment_UserAttemptsPage | B123: Verify that admin can perform delete action in manage user submissionspage | C123: LAb should be create, start or stop state | D123: Moodle | E123: Moodle_Assessment_Labs | F123: Medium | I123: Admin should be able to perform delete lab action | J123: Core | K123: Partial | L123: assessment_user_attempts_page.feature @A122
A124: Moodle_Assessment_UserAttemptsPage | B124: Verify that if script is not correct it is showing in lab error in user submissions page | C124: Assessment should be not evaluated state | D124: Moodle | E124: Moodle_Assessment_Labs | F124: Medium | I124: Proper error should be shown | J124: Core | K124: Partial | L124: assessment_user_attempts_page.feature @A123
A125: Moodle_Assessment_Assessment lab | B125: Verify that for user search by status is working fine in submissions summary page | C125: assessment submission should be taken | D125: Moodle | E125: Moodle_Assessment_Labs | F125: Medium | I125: Search should work based on status | J125: Core | K125: Yes | L125: assessment_lab_actions.feature @A124
A126: Moodle_Assessment_UserAttemptsPage | B126: Verify that admin can open the console of user with necessary username and password in user submissions page | C126: Submission should be taken from user | D126: Moodle | E126: Moodle_Assessment_Labs | F126: High | I126: Should be able to open the console page | J126: Core | K126: Partial | L126: assessment_user_attempts_page.feature @A125
A127: Moodle_Assessment_userAssessmentPage | B127: Verify that the search box is working accordingly | C127: Manage user assessment page | D127: Moodle | E127: Moodle_Assessment_Labs | F127: Medium | I127: Search box should be working accordingly | J127: Core | K127: Yes | L127: assessment_lab_actions.feature @A126
A128: Moodle_Assessment_AssessmentLabPage | B128: Verify that final result is shown after the submissions are evaluated | C128: Multiple attempts should be taken | D128: Moodle | E128: Moodle_Assessment_Labs | F128: High | G128: Pass | H128: AUTOMATED (assessment_lab.feature :: The assessment auto-completes with a final result and the consent gate is wired) Given a student is enrolled in the assessment course When the student starts the assessment Then the assessment control panel is shown And the assessment lab reaches Running When the student submits the assessment attempt Then the attempt is evaluated And the assessment auto-completes with a final result And the complete-assessment consent gate is present and wired | I128: final result should show the best of all submissions | J128: Core | K128: Yes | L128: assessment_user_functionality.feature @A-user-6
A129: Moodle_Assessment_Assessment lab | B129: Verify that user should not be able to take new submission if previous submission is in evaluating state | C129: previous attempt should be in evaluating state | D129: Moodle | E129: Moodle_Assessment_Labs | F129: High | I129: User should not be able to take new submission | J129: Core | K129: Deferred | L129: Deferred: needs a completed-attempt / running-lab fixture (marks/actions/console/grade-update/no-new-submission) - covered structurally by @assesslab; explicit assertion is provisioning
A130: Moodle_Assessment_Assessment lab | B130: Verify that the admin updated comment for the assessment attempt should be visible for user | C130: Admin should update the comment | D130: Moodle | E130: Moodle_Assessment_Labs | F130: Medium | I130: Comment should be visible to user | J130: Core | K130: Yes | L130: assessment_lab_actions.feature @A129
A131: Hide_FinalGrade_And_Result | B131: Verify that the admin/manager/teacher can see the final result, grade and the evaluation result check box when creating the auto using answer assessment activity. | C131: select Auto using answer check box. | D131: Moodle | E131: Moodle_Assessment_Labs | F131: High | H131: 1)Login as admin/manager/teacher. 2)click on all courses and select the course. 3)turn on editing option and click on add an activity. 4)Verify that when admin/manager/teacher creating an assessment using auto answer mode check in the grade section final result and evaluation result check box are available. | I131: Final result and Evaluation result check box should be visible. | J131: Core | K131: Yes | L131: assessment_hide_final_grade.feature @A130
A132: Hide_FinalGrade_And_Result | B132: Verify that the admin/manager/teacher can see the final result, grade and the evaluation result check box when creating the manual assessment activity. | C132: select manual check box. | D132: Moodle | E132: Moodle_Assessment_Labs | F132: High | H132: 1)Login as admin/manager/teacher. 2)click on all courses and select the course. 3)turn on editing option and click on add an activity. 4)Verify that when admin/manager/teacher creating an assessment using manual mode check in the grade section final result and evaluation result check box are available. | I132: Final result and Evaluation result check box should be visible. | J132: Core | K132: Yes | L132: assessment_hide_final_grade.feature @A131
A133: Hide_FinalGrade_And_Result | B133: Verify that the admin/manager/teacher can see the final result, grade and the evaluation result check box when creating the auto using script assessment activity. | C133: select auto using script check box. | D133: Moodle | E133: Moodle_Assessment_Labs | F133: High | H133: 1)Login as admin/manager/teacher. 2)click on all courses and select the course. 3)turn on editing option and click on add an activity. 4)Verify that when admin/manager/teacher creating an assessment using auto using script mode check in the grade section final result and evaluation result check box are available. | I133: Final result and Evaluation result check box should be visible. | J133: Core | K133: Yes | L133: assessment_hide_final_grade.feature @A132
A134: Hide_FinalGrade_And_Result | B134: Verify that the when admin/manager/teacher enabled final result and evaluation result check box check end-user can see final result, grade and evaluation result. | C134: select final result and evaluation result check box. | D134: Moodle | E134: Moodle_Assessment_Labs | F134: High | H134: 1)Login as admin/manager/teacher. 2)click on all courses and select the course. 3)turn on editing option and click on add an activity. 4)Verify that when admin/manager/teacher creating an assessment select final and evaluation result check boxes under the grade section. 5)Verify that end-user can see final result and evaluation result on the activity page. | I134: Final result and Evaluation result should be visible for end-user activity page. | J134: Core | K134: Partial | L134: assessment_hide_final_grade.feature @A135 (config only; end-user visibility @provisioning)
A135: Hide_FinalGrade_And_Result | B135: Verify that the when admin/manager/teacher disabled final result and evaluation result check box check end-user can see final result, grade and evaluation result. | C135: deselect final result and evaluation result check box. | D135: Moodle | E135: Moodle_Assessment_Labs | F135: High | H135: 1)Login as admin/manager/teacher. 2)click on all courses and select the course. 3)turn on editing option and click on add an activity. 4)Verify that when admin/manager/teacher creating an assessment deselect final and evaluation result check boxes under the grade section. 5)Verify that end-user can see final result and evaluation result on the activity page. | I135: Final result and Evaluation result should not visible for end-user activity page. | J135: Core | K135: Partial | L135: assessment_hide_final_grade.feature @A135 (config only; end-user visibility @provisioning)
A136: Hide_FinalGrade_And_Result | B136: Verify that the admin/manager/teacher enabled final result check box check end user can see final result and grade. | C136: Select final result check box. | D136: Moodle | E136: Moodle_Assessment_Labs | F136: High | H136: 1)Login as admin/manager/teacher. 2)click on all courses and select the course. 3)turn on editing option and click on add an activity. 4)Verify that when admin/manager/teacher creating an assessment select final result check boxes under the grade section. 5)Verify that end-user can see final result on the activity page. | I136: Final result should be visible for end-user activity page. | J136: Core | K136: Yes | L136: assessment_hide_final_grade.feature @A135
A137: Hide_FinalGrade_And_Result | B137: Verify that the admin/manager/teacher enabled evaluation result check box check end user can see evaluation result. | C137: Select evaluation result check box. | D137: Moodle | E137: Moodle_Assessment_Labs | F137: High | H137: 1)Login as admin/manager/teacher. 2)click on all courses and select the course. 3)turn on editing option and click on add an activity. 4)Verify that when admin/manager/teacher creating an assessment select evaluation result check boxes under the grade section. 5)Verify that end-user can see evaluation result on the activity page. | I137: Evaluation result should be visible for end-user activity page. | J137: Core | K137: Yes | L137: assessment_hide_final_grade.feature @A136
A138: Hide_FinalGrade_And_Result | B138: Verify that the admin/manager/teacher disabled evaluation result check box check end user can see evaluation result. | C138: deselect final result check box. | D138: Moodle | E138: Moodle_Assessment_Labs | F138: High | H138: 1)Login as admin/manager/teacher. 2)click on all courses and select the course. 3)turn on editing option and click on add an activity. 4)Verify that when admin/manager/teacher creating an assessment deselect final result check boxes under the grade section. 5)Verify that end-user can see final result on the activity page. | I138: Evaluation result should not visible for end-user activity page. | J138: Core | K138: Yes | L138: assessment_hide_final_grade.feature @A137
A139: Hide_FinalGrade_And_Result | B139: Verify that the admin/manager/teacher disabled final result check box check end user can see final result and grade. | C139: deselect evaluation result check box. | D139: Moodle | E139: Moodle_Assessment_Labs | F139: High | H139: 1)Login as admin/manager/teacher. 2)click on all courses and select the course. 3)turn on editing option and click on add an activity. 4)Verify that when admin/manager/teacher creating an assessment deselect evaluation result check boxes under the grade section. 5)Verify that end-user can see evaluation result on the activity page. | I139: Final result should not visible for end-user activity page. | J139: Core | K139: Yes | L139: assessment_hide_final_grade.feature @A138
A140: Hide_FinalGrade_And_Result | B140: Verify that the admin/manager/teacher enabled config on admin view check box check admin/manager/teacher can see final result, grade and evaluation result. | C140: enable config on admin view check box | D140: Moodle | E140: Moodle_Assessment_Labs | F140: High | H140: 1)Login as admin/manager/teacher. 2)click on all courses and select the course. 3)turn on editing option and click on add an activity. 4)Verify that when admin/manager/teacher creating an assessment enable config on admin view and evaluation result, final result check boxes under the grade section. 5)Verify that admin/manager/teacher can see evaluation result and final result on the activity page. | I140: Final result and evaluation result should be visible for admin view. | J140: Core | K140: Yes | L140: assessment_hide_final_grade.feature @A139
A141: Hide_FinalGrade_And_Result | B141: Verify that the admin/manager/teacher disabled config on admin view check box check and enabled final and evaluation result check box admin/manager/teacher can see final result, grade and evaluation result. | C141: disable config on admin view check box | D141: Moodle | E141: Moodle_Assessment_Labs | F141: High | H141: 1)Login as admin/manager/teacher. 2)click on all courses and select the course. 3)turn on editing option and click on add an activity. 4)Verify that when admin/manager/teacher creating an assessment disable config on admin view and enable evaluation result, final result check boxes under the grade section. 5)Verify that admin/manager/teacher can see evaluation result and final result on the activity page. | I141: Final result and evaluation result should be visible for admin view. | J141: Core | K141: Partial | L141: assessment_hide_final_grade.feature @A135 (config only; end-user visibility @provisioning)
A142: Hide_FinalGrade_And_Result | B142: Verify that when admin/manager/teacher enabled config on admin view check box and evaluation result check box check admin/manager/teacher can see evaluation result on manage attempts page. | C142: enable config on admin view check box and evaluation result. | D142: Moodle | E142: Moodle_Assessment_Labs | F142: High | H142: 1)Login as admin/manager/teacher. 2)click on all courses and select the course. 3)turn on editing option and click on add an activity. 4)Verify that when admin/manager/teacher creating an assessment enabled config on admin view and enable evaluation result check boxes under the grade section. 5)Verify that admin/manager/teacher can see evaluation result on manage attempt page. | I142: Evaluation result should be visible for admin view. | J142: Core | K142: Partial | L142: assessment_hide_final_grade.feature @A135 (config only; end-user visibility @provisioning)
A143: Hide_FinalGrade_And_Result | B143: Verify that when admin/manager/teacher enabled config on admin view check box and disabled evaluation result check box check admin/manager/teacher can see evaluation result on manage attempts page. | C143: enable config on admin view check box and disable evaluation result check box. | D143: Moodle | E143: Moodle_Assessment_Labs | F143: High | H143: 1)Login as admin/manager/teacher. 2)click on all courses and select the course. 3)turn on editing option and click on add an activity. 4)Verify that when admin/manager/teacher creating an assessment enabled config on admin view and disable evaluation result check boxes under the grade section. 5)Verify that admin/manager/teacher can see evaluation result on manage attempt page. | I143: Evaluation result should not visible for admin view. | J143: Core | K143: Partial | L143: assessment_hide_final_grade.feature @A135 (config only; end-user visibility @provisioning)
B144: Check coolin g period | D144: Moodle | E144: Moodle_Assessment_Labs | F144: Medium | J144: Core | K144: No | L144: not yet automated - marks/cron/proctoring/data-verification
B145: check randomization problem statement | D145: Moodle | E145: Moodle_Assessment_Labs | F145: Medium | J145: Core | K145: No | L145: not yet automated - marks/cron/proctoring/data-verification
B146: check retake assessment | D146: Moodle | E146: Moodle_Assessment_Labs | F146: Medium | J146: Core | K146: No | L146: not yet automated - marks/cron/proctoring/data-verification
A147: Assessment Retake Cooldown Automation | B147: Verify that the attempts terminology changed to submissions in activity settings | C147: assessment should be selected while creating the activity | D147: Moodle | E147: Moodle_Assessment_Labs | F147: Medium | J147: Core | K147: Yes | L147: assessment_retake_cooldown.feature @A146
A148: Assessment Retake Cooldown Automation | B148: Verify that the retakes terminology changed to attempts in activity settings | C148: assessment should be selected while creating the activity | D148: Moodle | E148: Moodle_Assessment_Labs | F148: Medium | J148: Core | K148: Yes | L148: assessment_retake_cooldown.feature @A147
A149: Assessment Retake Cooldown Automation | B149: Verify that cooldown period in days is added in submission sdettings | C149: assessment should be selected while creating the activity | D149: Moodle | E149: Moodle_Assessment_Labs | F149: Medium | J149: Core | K149: Yes | L149: assessment_retake_cooldown.feature @A148
A150: Assessment Retake Cooldown Automation | B150: Verify that attempts after the cooldown period setting added in submission setting | C150: Cooldown in days should be addedd | D150: Moodle | E150: Moodle_Assessment_Labs | F150: Medium | J150: Core | K150: Yes | L150: assessment_retake_cooldown.feature @A149
A151: Assessment Retake Cooldown Automation | B151: Verify if cooldown period is set to NONE then cooldown details should not be shown in user activity page | C151: cooldown period should be none | D151: Moodle | E151: Moodle_Assessment_Labs | F151: Medium | J151: Core | K151: Yes | L151: assessment_retake_cooldown.feature @A150
A152: Assessment Retake Cooldown Automation | B152: Verify if cooldown period is set to NONE then attempts after cooldown should not be displayed | C152: cooldown period should be none | D152: Moodle | E152: Moodle_Assessment_Labs | F152: Medium | J152: Core | K152: Yes | L152: assessment_retake_cooldown.feature @A151
A153: Assessment Retake Cooldown Automation | B153: Verify if cooldown period and attepmts after cooldown is set then those details should be displayed to user in user activity pageonly duringncooling period | C153: cooldown period should be none | D153: Moodle | E153: Moodle_Assessment_Labs | F153: Medium | J153: Core | K153: Yes | L153: assessment_retake_cooldown.feature @A152
A154: Assessment Retake Cooldown Automation | B154: Verify in user activity page allowed attempts is changed to allowed submissions | C154: Assessment activity should be created | D154: Moodle | E154: Moodle_Assessment_Labs | F154: Medium | J154: Core | K154: Yes | L154: assessment_retake_cooldown.feature @A153
A155: Assessment Retake Cooldown Automation | B155: Verify in user activity page attempts taken is changed to submissions | C155: Assessment activity should be created | D155: Moodle | E155: Moodle_Assessment_Labs | F155: Medium | J155: Core | K155: Yes | L155: assessment_retake_cooldown.feature @A154
A156: Assessment Retake Cooldown Automation | B156: Verify in user activity page retakes allowed is changed to allowed attempts | C156: Assessment activity should be created | D156: Moodle | E156: Moodle_Assessment_Labs | F156: Medium | J156: Core | K156: Partial | L156: assessment_retake_cooldown.feature @A155
A157: Assessment Retake Cooldown Automation | B157: Verify in user activity page retakes taken is changed to attempts taken | C157: Assessment activity should be created | D157: Moodle | E157: Moodle_Assessment_Labs | F157: Medium | J157: Core | K157: Partial | L157: assessment_retake_cooldown.feature @A156
A158: Assessment Retake Cooldown Automation | B158: Verify if attempts after cooldown is set it should be displayed in user activity page during cooling period | C158: initail attempts should be completed | D158: Moodle | E158: Moodle_Assessment_Labs | F158: Medium | J158: Core | K158: Yes | L158: assessment_retake_cooldown.feature @A157
... A160: Assessment Retake Cooldown Automation | B160: Verify the ratake button should be there if final result is fail | C160: Assessment attempt should be completed | D160: Moodle | E160: Moodle_Assessment_Labs | F160: Medium | J160: Core | K160: Partial | L160: assessment_retake_cooldown.feature @A159
A161: Assessment Retake Cooldown Automation | B161: Verify the cooldown ends on message should be displayed only after all the attempts before cooldown is completed | D161: Moodle | E161: Moodle_Assessment_Labs | F161: Medium | J161: Core | K161: Partial | L161: assessment_retake_cooldown.feature @A160
A162: Assessment Retake Cooldown Automation | B162: Verify the cooldown ends on day should be calculated based on last attempt completed. | D162: Moodle | E162: Moodle_Assessment_Labs | F162: Medium | J162: Core | K162: Partial | L162: assessment_retake_cooldown.feature @A161
A163: Assessment Retake Cooldown Automation | B163: verify the cooldown ends on time displayed should be calculated by the last attempt completed | D163: Moodle | E163: Moodle_Assessment_Labs | F163: Medium | J163: Core | K163: Partial | L163: assessment_retake_cooldown.feature @A162
...

Sheet Moodle_Sandbox_Labs
A1: Title | B1: Summary | C1: Preconditions | D1: Product | E1: Category | F1: Priority | G1: Case_Status | H1: Steps | I1: Expected | J1: Regression_Tier | K1: Automated | L1: Automation_Ref
A2: Moodle_sandbox_CreateActivity | B2: Verify create a sandbox activity for all platform. (AWS,CSP,GCP) | C2: 1)Create Lab Template. | D2: Moodle | E2: Moodle_Sandbox_Labs | F2: Medium | G2: Pass | H2: AUTOMATED - AWS sandbox create via @SB-create-1 / @PG-1. CSP/GCP platform variants deferred until those template phases start. | I2: Admin should create Sandbox activity for all platforms. (AMAZON, CSP, GCP) | J2: Core | K2: Yes | L2: sandbox.feature @SB-create-1
A3: Moodle_sandbox_LabAction_Check | B3: Verify lab actions are working fine for sandbox labs.(start,stop,delete) | C3: 1)Create Lab Template. 2)Create activity. | D3: Moodle | E3: Moodle_Sandbox_Labs | F3: Medium | G3: Pass | H3: AUTOMATED - verified by sandbox_actions.feature @stateactions (start/stop/delete). (Manual steps below may be inaccurate; the test is the source of truth.) --- 1)Login as admin 2)Click on All Courses 3) Select any course 4)Under any Topic if playground lab, click on the playground lab 5)click on manage labs button 6)select any active lab and click on actions button 7)verify the actions (Start, stop and delete) are working fine | I3: Admin/manager should able to perform start, stop and delete action on the sandbox labs. | J3: Core | K3: Yes | L3: sandbox.feature @SB-manage-1
A4: Moodle_sandbox_Usage_Check | B4: Verify when admin/user click on get usage button on the lab console page check cost is displaying correctly. | C4: 1)Create Lab Template. 2)Create activity. | D4: Moodle | E4: Moodle_Sandbox_Labs | F4: Medium | G4: Pass | H4: AUTOMATED - verified by sandbox_console.feature @console (Lab Usage cost). (Manual steps below may be inaccurate; the test is the source of truth.) --- 1)Login as admin 2)Click on All Courses 3) Select any course 4)Under any Topic if playground lab, click on the playground lab 5)click on start lab and then get usage button 6)veriify the cost displays the Allotted, Consumed and Remaining cost of the lab | I4: It should show the cost when admin checks the usage. | J4: Core | K4: Yes | L4: sandbox_user_functionality.feature @SB-manage-27
A5: Moodle_sandbox_VmLab_check | B5: Verify sandbox VM labs are loading in I frame page. | C5: 1)Create Lab Template with Embed Lab (Iframe) enabled. 2)Create VM activity. | D5: Moodle | E5: Moodle_Sandbox_Labs | F5: Medium | G5: Pass | H5: AUTOMATED - verified by sandbox_labs.feature (VM lab iframe). (Manual steps below may be inaccurate; the test is the source of truth.) --- 1)Login as admin 2)Click on All Courses 3) Select any course 4)Under any Topic if playground VM lab, click on the playground VM lab 5)verify its loading in I frame | I5: Plyground VM labs should display in iframe. | J5: Core | K5: Yes | L5: sandbox_user_functionality.feature @SB-user-14
A6: Moodle_sandbox_labInfo_Check | B6: Verify alloted,consumed and remaining timing showing correctly in the lab console page for sandbox lab. | C6: 1)Create Lab Template with duration enabled 2)Create activity. | D6: Moodle | E6: Moodle_Sandbox_Labs | F6: Medium | G6: Pass | H6: AUTOMATED - verified by sandbox_labs.feature (landing duration). (Manual steps below may be inaccurate; the test is the source of truth.) --- 1)Login as admin 2)Click on All Courses 3) Select any course 4)Under any Topic if playground lab, click on the playground lab 5)veriify the duration displays the Allotted, Consumed and Remaining timing of the lab correctly | I6: it should show alloted, consumed and remaining timing in the lab console page. | J6: Core | K6: Yes | L6: sandbox_user_functionality.feature @SB-user-18
A7: Moodle_sandbox_labInfo_Check | B7: Verify instruction,Access details and lab info is showing correctly In the lab console page for sandbox labs. | C7: 1)Create Lab Template with the instructions,accessdeatils and lab info enabled 2)Create activity. | D7: Moodle | E7: Moodle_Sandbox_Labs | F7: Medium | G7: Pass | H7: AUTOMATED - verified by sandbox_console.feature @console. (Manual steps below may be inaccurate; the test is the source of truth.) --- 1)Login as admin 2)Click on All Courses 3) Select any course 4)Under any Topic if playground lab, click on the playground lab 5)click on start the lab 6)veriify the instruction,Access details and lab info is showing correctly | I7: It should show instruction, access details and lab info in lab console page. | J7: Core | K7: Yes | L7: sandbox_user_functionality.feature @SB-user-1
A8: Moodle_sandbox_labInfo_Check | B8: verify the speed test button is working fine | C8: 1)Create Lab Template with speed test enabled 2)Create activity. | D8: Moodle | E8: Moodle_Sandbox_Labs | F8: Medium | G8: Pass | H8: AUTOMATED - verified by sandbox_console.feature @console (speed test, template-gated). (Manual steps below may be inaccurate; the test is the source of truth.) --- 1)Login as admin 2)Click on All Courses 3) Select any course 4)Under any Topic if playground lab, click on the playground lab 5)click on start the lab 6)veriify the instruction,Access details and lab info is showing correctly | I8: should show the instruction,Access details and lab info correctly | J8: Core | K8: Yes | L8: Covered by @SB-user-14
A9: Moodle_sandbox_labInfo_Check | B9: verify in the Notes text field able to enter the text and save it | C9: 1)Create Lab Template with Notes enabled 2)Create activity. | D9: Moodle | E9: Moodle_Sandbox_Labs | F9: Medium | G9: Pass | H9: AUTOMATED - verified by sandbox_console.feature @console (note persists). (Manual steps below may be inaccurate; the test is the source of truth.) --- 1)Login as admin 2)Click on All Courses 3) Select any course 4)Under any Topic if playground lab, click on the playground lab 5)veriify the notes text field able to enter the text and save it | I9: should allow to enter the text and save it | J9: Core | K9: Yes | L9: sandbox_user_functionality.feature @SB-user-6
A10: Moodle_sandbox_LabSetting_Check | B10: Verify in the Lab template settings if catalog UI input is enabled check can we create a sandbox lab lab by providing inputs. | C10: 1)Create Lab Template with catalog UI input enabled. 2)Create activity. | D10: Moodle | E10: Moodle_Sandbox_Labs | F10: Medium | G10: Pass | H10: AUTOMATED - verified by sandbox_labs.feature (create via catalog UI). (Manual steps below may be inaccurate; the test is the source of truth.) --- 1)Login as admin 2)Click on All Courses 3) Select any course 4)Under any Topic if playground lab, click on the playground lab 5)veriify UI input page appears to provision the lab. | I10: should able to create lab by providing catalog inputs. | J10: Core | K10: Yes | L10: sandbox_user_functionality.feature @SB-user-19
A11: Moodle_sandbox_manageLabs_Check | B11: Verify sandbox labs details are listing correctly under the manage labs page | C11: 1)Create activity. 2)start the lab. | D11: Moodle | E11: Moodle_Sandbox_Labs | F11: Medium | G11: Pass | H11: AUTOMATED - verified by sandbox_labs.feature (Manage Labs list). (Manual steps below may be inaccurate; the test is the source of truth.) --- 1)Login as admin 2)Click on All Courses 3) Select any course 4)Under any Topic if playground lab, click on the playground lab 5)in lab console page click the manage labs button 6)verify the playground labs details are listing correctly | I11: Labs should correctly list in the mange labs page. | J11: Core | K11: Yes | L11: sandbox.feature @SB-manage-23
A12: Moodle_sandbox_LabConoslePage_Check | B12: Verify when admin/user click on start lab on the lab console page check lab is getting created. | C12: 1)Create activity. | D12: Moodle | E12: Moodle_Sandbox_Labs | F12: High | G12: Pass | H12: AUTOMATED - verified by sandbox_actions.feature @stateactions (start->running). (Manual steps below may be inaccurate; the test is the source of truth.) --- 1)Login as admin 2)Click on All Courses 3) Select any course 4)Under any Topic if playground lab, click on the playground lab 5)in lab console page click the start lab button 6)verify the playground lab is getting created | I12: Lab should be created. | J12: Smoke | K12: Yes | L12: Covered by @SB-user-1
... A19: Sandbox Gap Check | B19: Verify a confirmation dialog is shown before deleting a sandbox lab from the manage labs page | C19: Sandbox lab exists | D19: Moodle | E19: Moodle_Sandbox_Labs | F19: Medium | G19: Pass | H19: AUTOMATED - verified by playground_*.feature @stateactions/@console/@studentaction/@bulk. (Manual steps below may be inaccurate; the test is the source of truth.) --- 1) Go to manage labs 2) Click delete on a lab | I19: Confirmation prompt should appear before the lab is actually deleted | J19: Extended | K19: Yes | L19: sandbox.feature @SB-manage-8
A20: Sandbox Gap (automation-derived) | B20: Manage Labs - Verify the Start action actually starts the selected lab and it reaches Running (action completes, not just button present). | C20: A sandbox lab exists (stopped / not created). Admin/manager/teacher role. | D20: Moodle | E20: Moodle_Sandbox_Labs | F20: High | G20: Pass | H20: AUTOMATED - verified by playground_*.feature @stateactions/@console/@studentaction/@bulk. (Manual steps below may be inaccurate; the test is the source of truth.) --- 1) Open the playground activity 2) Open Manage Labs 3) Select a lab row checkbox 4) Click Actions > Start 5) Wait for the action to complete | I20: The lab starts and its status becomes Running/Active; the Action/Status column shows Start = Complete; Manage Labs 'Running' count increases. | K20: Yes | L20: sandbox.feature @SB-manage-9
A21: Sandbox Gap (automation-derived) | B21: Manage Labs - Verify the Stop action stops a running lab (action completes). | C21: A running sandbox lab. Admin/manager/teacher role. | D21: Moodle | E21: Moodle_Sandbox_Labs | F21: High | G21: Pass | H21: AUTOMATED - verified by playground_*.feature @stateactions/@console/@studentaction/@bulk. (Manual steps below may be inaccurate; the test is the source of truth.) --- 1) Open Manage Labs 2) Select a running lab row 3) Click Actions > Stop 4) Wait for the action to complete | I21: The lab stops; status becomes Stopped; 'Stopped' count increases and 'Running' count decreases. | K21: Yes | L21: Covered by @SB-manage-1
A22: Sandbox Gap (automation-derived) | B22: Manage Labs - Verify the Delete action removes the selected lab (action completes). | C22: A sandbox lab record exists. Admin/manager/teacher role. | D22: Moodle | E22: Moodle_Sandbox_Labs | F22: High | G22: Pass | H22: AUTOMATED - verified by playground_*.feature @stateactions/@console/@studentaction/@bulk. (Manual steps below may be inaccurate; the test is the source of truth.) --- 1) Open Manage Labs 2) Select a lab row 3) Click Actions > Delete 4) Confirm and wait for completion | I22: The lab is deleted and removed from the active labs list; 'Deleted' count increases. | K22: Yes | L22: Covered by @SB-manage-8
A23: Sandbox Gap (automation-derived) | B23: Manage Labs - Verify Start/Stop/Delete are disabled until a lab row is selected (negative). | C23: Manage Labs page with at least one lab row. | D23: Moodle | E23: Moodle_Sandbox_Labs | F23: High | G23: Pass | H23: AUTOMATED - verified by playground_*.feature @stateactions/@console/@studentaction/@bulk. (Manual steps below may be inaccurate; the test is the source of truth.) --- 1) Open Manage Labs (no row selected) 2) Open the Actions dropdown 3) Observe Start/Stop/Delete 4) Select a row and observe again | I23: With no selection, Start/Stop/Delete are disabled; after selecting a row they become enabled. | K23: Yes | L23: sandbox.feature @SB-manage-15
A24: Sandbox Gap (automation-derived) | B24: Manage Labs - Verify an action applies to multiple selected labs (bulk). | C24: Two or more lab records exist. | D24: Moodle | E24: Moodle_Sandbox_Labs | F24: High | G24: Pass | H24: AUTOMATED - verified by playground_*.feature @stateactions/@console/@studentaction/@bulk. (Manual steps below may be inaccurate; the test is the source of truth.) --- 1) Open Manage Labs 2) Select multiple lab row checkboxes 3) Click Actions > Stop (or Start) 4) Wait for completion | I24: The chosen action is applied to all selected labs and each reflects the new status. | K24: Yes | L24: sandbox.feature @SB-manage-12
A25: Sandbox Gap (automation-derived) | B25: Verify an enrolled student can open and start an assigned sandbox lab. | C25: Student enrolled in the course; sandbox activity available. | D25: Moodle | E25: Moodle_Sandbox_Labs | F25: High | G25: Pass | H25: AUTOMATED - verified by playground_*.feature @stateactions/@console/@studentaction/@bulk. (Manual steps below may be inaccurate; the test is the source of truth.) --- 1) Login as student 2) Open the course and the playground lab 3) Click Start Sandbox 4) Access the lab | I25: The student can start and access the lab; the student does NOT see admin Manage Labs / Actions. | K25: Yes | L25: Covered by @SB-user-1
A26: Sandbox Gap (automation-derived) | B26: Verify Manage Labs / lab actions availability by role. | C26: Users with admin, manager, teacher, non-editing teacher and student roles. | D26: Moodle | E26: Moodle_Sandbox_Labs | F26: High | G26: Pass | H26: AUTOMATED - verified by playground_*.feature @stateactions/@console/@studentaction/@bulk. (Manual steps below may be inaccurate; the test is the source of truth.) --- For each role: 1) Open the playground activity 2) Check whether Manage Labs and the Actions controls are available | I26: admin/manager/teacher can manage labs and perform actions; non-editing teacher and student cannot. | K26: Yes | L26: sandbox_user_functionality.feature @SB-user-5
A27: Sandbox Gap (automation-derived) | B27: Verify the Lab Usage popup shows Allotted, Consumed and Remaining COST with valid values (not just that the popup opens). | C27: Running sandbox lab; cost enabled on the template. | D27: Moodle | E27: Moodle_Sandbox_Labs | F27: High | G27: Pass | H27: AUTOMATED - verified by playground_*.feature @stateactions/@console/@studentaction/@bulk. (Manual steps below may be inaccurate; the test is the source of truth.) --- 1) Open the lab control panel 2) Open Lab Usage 3) Read Allotted / Consumed / Remaining cost | I27: All three cost values are displayed and valid (numeric); Consumed + Remaining reconcile with Allotted. | K27: Yes | L27: Covered by @SB-manage-27
A28: Sandbox Gap (automation-derived) | B28: Verify a saved Note persists after reloading the lab console (completes the notes case). | C28: Notes enabled on the template. | D28: Moodle | E28: Moodle_Sandbox_Labs | F28: High | G28: Pass | H28: AUTOMATED - verified by playground_*.feature @stateactions/@console/@studentaction/@bulk. (Manual steps below may be inaccurate; the test is the source of truth.) --- 1) Open the lab console 2) Enter note text and Save 3) Reload the console page 4) Re-open the Notes tab | I28: The previously saved note text is still present after reload. | K28: Yes | L28: Covered by @SB-user-6
A29: Sandbox Gap (automation-derived) | B29: Verify the Speed Test runs and displays a result (completes the speed-test case). | C29: Speed test enabled on the template; running lab. | D29: Moodle | E29: Moodle_Sandbox_Labs | F29: Low | G29: Pass | H29: AUTOMATED - verified by playground_*.feature @stateactions/@console/@studentaction/@bulk. (Manual steps below may be inaccurate; the test is the source of truth.) --- 1) Open the lab console 2) Click Speed Test 3) Wait for it to run | I29: The speed test executes and shows a result/metric with no error. | K29: Yes | L29: Covered by @SB-user-14
A30: Sandbox Gap (automation-derived) | B30: Verify Refresh updates lab status/timers without dropping the running lab. | C30: Running sandbox lab. | D30: Moodle | E30: Moodle_Sandbox_Labs | F30: High | G30: Pass | H30: AUTOMATED - verified by playground_*.feature @stateactions/@console/@studentaction/@bulk. (Manual steps below may be inaccurate; the test is the source of truth.) --- 1) Open the lab console 2) Click the refresh control 3) Observe status/timer | I30: The lab remains running; status/timers refresh to current values. | K30: Yes | L30: Covered by @SB-manage-31
A31: Sandbox Gap (automation-derived) | B31: Verify Access Lab / Jump to Console opens the CORRECT cloud platform console (assert the handoff, not just that a control exists). | C31: Running account sandbox lab. | D31: Moodle | E31: Moodle_Sandbox_Labs | F31: High | G31: Pass | H31: AUTOMATED - verified by playground_*.feature @stateactions/@console/@studentaction/@bulk. (Manual steps below may be inaccurate; the test is the source of truth.) --- 1) Open the lab console 2) Click Jump to Console 3) Click the access/launch control | I31: A redirect/new tab opens the correct platform (AWS/CSP/GCP) console handoff URL. | K31: Yes | L31: Covered by @SB-user-1
... A54: Sandbox Gap (automation-derived) | B54: Verify Vm lab is loading full screen. | C54: VM sandbox activity with running lab; Switch to full screen on console. | D54: Moodle | E54: Moodle_Sandbox_Labs | F54: Medium | G54: Pass | H54: Click Switch to full screen on the VM lab console and verify the lab loads full screen. | I54: Lab loads in full screen. | K54: Yes | L54: Covered by @SB-user-14
A55: Sandbox Decription page | B55: Verify the separate decription page is added for sandbox activity | C55: Create sandbox | D55: Moodle | E55: Sandbox | F55: Medium | G55: CONFIRMED | H55: 1) Login as admin 2) go to sandbox course 3) Click on create activity. 4) Select sanbox and create new sandbox actvity. 5) Verify seperate description page is added for sandbox activity | I55: seperate description page should be added | J55: Core | K55: No | L55: separate description page - not verified yet | Merged from Sandbox sheet 2026-08-27
A56: Sandbox Decription page | B56: Verify the description is displaying in sandbox landing page | C56: add description whiile creating activity | D56: Moodle | E56: Sandbox | F56: Medium | G56: Pass | H56: AUTOMATED (sandbox.feature :: The sandbox landing shows a description with a Read More control) When admin opens the sandbox activity Then the sandbox landing shows a description section and a Read More control | I56: description should display | J56: Core | K56: Yes | L56: sandbox_user_functionality.feature @SB-user-7
A57: Sandbox Decription page | B57: Verify the sandbox details like lab type, lab status, lab created on date is displaying | C57: start sandbox activity | D57: Moodle | E57: Sandbox | F57: Medium | G57: Pass | H57: AUTOMATED (sandbox.feature :: The sandbox landing shows the lab details) When admin opens the sandbox activity Then the sandbox landing shows lab type status created date and sandbox id | I57: lab details should show | J57: Core | K57: Yes | L57: Covered by @SB-user-7
A58: Sandbox Decription page | B58: Verify the duration is displaying in sandbox landing page | C58: provide duration in plan | D58: Moodle | E58: Sandbox | F58: Medium | G58: Pass | H58: AUTOMATED (sandbox.feature :: The sandbox landing shows the duration) When admin opens the sandbox activity Then the sandbox landing shows the alloted consumed and remaining duration | I58: duration should display | J58: Core | K58: Yes | L58: Covered by @SB-user-7
A59: Sandbox Decription page | B59: Verify the sandbox id is displaying correctly | C59: create sandbox | D59: Moodle | E59: Sandbox | F59: Medium | G59: Pass | H59: AUTOMATED (sandbox.feature :: The sandbox landing shows the lab details) When admin opens the sandbox activity Then the sandbox landing shows lab type status created date and sandbox id | I59: sandbox id should display | J59: Core | K59: Yes | L59: Covered by @SB-user-7
A60: Sandbox Decription page | B60: Verify the lab status is showing correctly according to the lab status | C60: create activity | D60: Moodle | E60: Sandbox | F60: Medium | G60: CONFIRMED | H60: 1) Login as user 2) go to sandbox course 3) Click on sandbox activity 4) Verify the sandbox id is displaying correctly | I60: lab status should display | J60: Core | K60: No | L60: status correctness per state - needs known state data | Merged from Sandbox sheet 2026-08-27
A61: Sandbox Decription page | B61: Verify start sandbox button is displaying for fresh activity | C61: create activity | D61: Moodle | E61: Sandbox | F61: Medium | G61: CONFIRMED | H61: 1) Login as user 2) go to sandbox course 3) Click on sandbox activity 4) Verify start sandbox button is displaying for fresh activity | I61: start sandbox button should be added | J61: Core | K61: No | L61: lab-state buttons - need created/fresh lab | Merged from Sandbox sheet 2026-08-27
A62: Sandbox Gap Check | B62: Verify sandbox description page renders correctly when description contains only an image with no text | C62: Sandbox activity with image-only description | D62: Moodle | E62: Sandbox | F62: Medium | G62: PROPOSED | H62: 1) Create sandbox activity with an image-only description 2) View the description page | I62: Image should render correctly without layout issues even with no accompanying text | J62: Extended | K62: No | L62: separate description page - not verified yet | Merged from Sandbox sheet 2026-08-27
A63: CGAP-SB-2 | B63: Sandbox landing shows a sensible state when no lab exists yet | C63: A sandbox activity, no lab created | D63: Moodle | E63: Sandbox | F63: Low | G63: Pass | H63: 1) Open the sandbox landing | I63: Details show not-created/empty state gracefully | K63: Yes | L63: Covered by @SB-user-7

Sheet Moodle_Lab_Templates
A1: Title | B1: Summary | C1: Preconditions | D1: Product | E1: Category | F1: Priority | G1: Case_Status | H1: Steps | I1: Expected | J1: Regression_Tier | K1: Automated | L1: Automation_Ref
A2: Add Lab Template | B2: Check if there is an option to create a new lab template or not | C2: Permission to create a lab template | D2: Moodle | E2: Moodle_Lab_Templates | F2: Medium | G2: Pass | I2: There must be an option to create lab template | J2: Core | K2: Yes | L2: labtemplates.feature @LT-1
A3: Add Lab Template | B3: Check if fields to add plan id and team id along with Access details and other things are mandatory or not. | C3: Permission to create a lab template | D3: Moodle | E3: Moodle_Lab_Templates | F3: Medium | G3: Pass | H3: AUTOMATED (labtemplates.feature :: The lab templates list shows templates with plan and team columns) When admin opens the lab templates list Then the lab templates table lists templates with plan and team columns | I3: All the expected fields must be present | J3: Core | K3: Yes | L3: labtemplates.feature @LT-2
A4: Add Lab Template | B4: Check if the lab template any of the field is given wrong then proper error is being thrown or not. | C4: Permission to create a lab template | D4: Moodle | E4: Moodle_Lab_Templates | F4: Medium | G4: Pass | I4: Anything can be entered but if required fields are left empty then proper error message should be thrown. | J4: Core | K4: Yes | L4: labtemplates.feature @LT-3
A5: Add Lab Template | B5: Check if the each of the lab features like Embed Lab (Iframe) for resource labs loads labs in iframe or not. | C5: Permission to create a lab template | D5: Moodle | E5: Moodle_Lab_Templates | F5: Medium | G5: Pass | I5: If enabled lab must load in Iframe | J5: Core | K5: Yes | L5: sandbox_user_functionality.feature @LT-4
A6: Add Lab Template | B6: Check if User input for lab provisioning is enabled it asks the end user to enter input details for lab before provisioning it or not | C6: Permission to create a lab template | D6: Moodle | E6: Moodle_Lab_Templates | F6: Medium | G6: Pass | I6: If enabled inputs must be entered by user before lab is provisioned. | J6: Core | K6: Yes | L6: sandbox_user_functionality.feature @LT-5
A7: Add Lab Template | B7: Check if User input for Assessment submission option is enabled then before submitting the assessments user input is taken or not. | C7: Permission to create a lab template | D7: Moodle | E7: Moodle_Lab_Templates | F7: Medium | G7: Pass | I7: If enabled before submitting the assessment user must enter the values | J7: Core | K7: Yes | L7: assessment_user_functionality.feature @LT-6
A8: Add Lab Template | B8: Check if Duration, Budget and cost are enabled these values are displayed for the end user while accessing the lab or not. | C8: Permission to create a lab template | D8: Moodle | E8: Moodle_Lab_Templates | F8: Medium | G8: Pass | I8: If enabled all the fields must be displayed for the end user. | J8: Core | K8: Yes | L8: sandbox_user_functionality.feature @LT-7; sandbox.feature @LT-7
A9: Add Lab Template | B9: Check if options like Notes , Speed Test for resourse lab is enabled its visible for end user or not. | C9: Permission to create a lab template | D9: Moodle | E9: Moodle_Lab_Templates | F9: Medium | G9: Pass | I9: If notes is enabled it must allow end user to take notes during accessing the lab. If speed test is enabled then user must be able to check the speed by clicking on the button manually , if automatic is enabled then at given frequency the speed test is performed automatically. | J9: Core | K9: Yes | L9: sandbox_user_functionality.feature @LT-8
A10: Add Lab Template | B10: To check if the lab template Notification is enabled by giving proper details such as Duration and message to be notified then user is properly notified at the given threshold or not. | C10: Permission to create a lab template | D10: Moodle | E10: Moodle_Lab_Templates | F10: Medium | G10: NA | I10: A proper message to be notified to end user based on the set threshold. | J10: Core | K10: No | L10: No — @LT-9 @skip (sandbox_user_functionality): duration notification not verifiable; remove scenario + LabTemplateSteps/SB-user notification steps when dropped
A11: Add Lab Template | B11: Check if any extra information about the the lab is to be conveyed to end user and Lab info is enabled in the lab template then info is displayed to end user or not. | C11: Permission to create a lab template | D11: Moodle | E11: Moodle_Lab_Templates | F11: Medium | G11: Pass | I11: If lab info is provided in the lab template then it must be conveyed to end user. | J11: Core | K11: Yes | L11: sandbox_user_functionality.feature @LT-10
A12: Edit Lab Template | B12: Check if admin is able to edit the details lab type ,plan id , team id etc after the lab template is created | C12: Pre-created Lab Template | D12: Moodle | E12: Moodle_Lab_Templates | F12: Medium | G12: Pass | I12: Admin must be able to edit the lab template as per requirement if anything was given wrongly while creation. | J12: Core | K12: Yes | L12: labtemplates.feature @LT-11
A13: Edit Lab Template | B13: check if admin if able to enable/disable wrongly selected options while creation. | C13: Pre-created Lab Template | D13: Moodle | E13: Moodle_Lab_Templates | F13: Medium | G13: Pass | I13: Admin must be able to edit the lab template and enable/disable the options that are no longer required. | J13: Core | K13: Yes | L13: labtemplates.feature @LT-12
A14: Edit Lab Template | B14: Check if lab notifications can be disabled while editing the lab template or its values can be modified and resaved. | C14: Pre-created Lab Template | D14: Moodle | E14: Moodle_Lab_Templates | F14: Medium | G14: Pass | I14: Lab notification can be modified or disabled while editing the lab template. | J14: Core | K14: Yes | L14: labtemplates.feature @LT-13
A15: Edit Lab Template | B15: Check if lab info can be added/removed while editing the lab template or not. | C15: Pre-created Lab Template | D15: Moodle | E15: Moodle_Lab_Templates | F15: Medium | G15: Pass | I15: Admin must be able to add/remove the Lab Info while editing the lab template. | J15: Core | K15: Yes | L15: labtemplates.feature @LT-14
... A24: Deactivate/Activate Lab Template | B24: Check if the lab template is in deactivated state then it can be activated by the admin or not. | C24: Pre-created Lab Template | D24: Moodle | E24: Moodle_Lab_Templates | F24: High | G24: Pass | I24: if the lab template is in deactivated state then it can be activated by the admin | J24: Core | K24: Yes | L24: labtemplates.feature @LT-23
A25: Lab Template Listing Page | B25: Check if information like Name Description Plan ID Team ID Access Keys Resource Type Created On Updated On Status are displayed in the lab template listing page or not. | C25: Pre-created Lab Template | D25: Moodle | E25: Moodle_Lab_Templates | F25: Medium | G25: Pass | H25: AUTOMATED (labtemplates.feature :: The lab templates list shows templates with plan and team columns) When admin opens the lab templates list Then the lab templates table lists templates with plan and team columns | I25: All the details must be properly listed in the listing page | J25: Core | K25: Yes | L25: labtemplates.feature @LT-24
A26: Lab Template Listing Page | B26: Check if some of the fields can be hidden/shown based on selection by admin or not. | C26: Pre-created Lab Template | D26: Moodle | E26: Moodle_Lab_Templates | F26: Medium | G26: Pass | I26: Based on admin selection columns can be shown/hidden. | J26: Core | K26: Yes | L26: labtemplates.feature @LT-25
A27: Lab Template Listing table Refresh | B27: check if the refresh button refreshes the listing table and gives the latest data or not | C27: Pre-created Lab Template | D27: Moodle | E27: Moodle_Lab_Templates | F27: Medium | G27: Pass | I27: The lab listing must show the latest data | J27: Core | K27: Yes | L27: labtemplates.feature @LT-26
A28: Lab Template Search | B28: Check if lab templates can be searched using names | C28: Pre-created Lab Template | D28: Moodle | E28: Moodle_Lab_Templates | F28: Medium | G28: Pass | I28: Admin must be able to search using the name | J28: Core | K28: Yes | L28: labtemplates.feature @LT-27
A29: Lab Template Search | B29: Check if multi search is allowed in lab templates | C29: Pre-created Lab Template | D29: Moodle | E29: Moodle_Lab_Templates | F29: Medium | G29: Pass | I29: Multi search currently is not supported in lab template search | J29: Core | K29: Yes | L29: labtemplates.feature @LT-28
A30: Lab Template Search | B30: Check if there is string limit in the search | C30: Pre-created Lab Template | D30: Moodle | E30: Moodle_Lab_Templates | F30: Medium | G30: Pass | I30: Currently no limit | J30: Core | K30: Yes | L30: labtemplates.feature @LT-29
A31: Lab Template Search | B31: verify by giving the script to the lab name and lab description | C31: Pre-created Lab Template | D31: Moodle | E31: Moodle_Lab_Templates | F31: Medium | G31: Pass | J31: Core | K31: Yes | L31: labtemplates.feature @LT-30
A32: Lab Template Search | B32: verify when creating an activity, the labtemplate selection has the script name | C32: Pre-created Lab Template | D32: Moodle | E32: Moodle_Lab_Templates | F32: Medium | G32: Pass | J32: Core | K32: Yes | L32: labtemplates.feature @LT-31
A33: Lab Template Search | B33: Verify if lab template is deactivated, it should not be displayed while creating the activity. | C33: Pre-created Lab Template | D33: Moodle | E33: Moodle_Lab_Templates | F33: High | G33: Pass | I33: Deactivated lab template should not be displayed while creating the activity. | J33: Core | K33: Yes | L33: labtemplates.feature @LT-32
A34: Lab Template Search | B34: Verify if lab template is activated, it should be displayed while creating the activity. | C34: Pre-created Lab Template | D34: Moodle | E34: Moodle_Lab_Templates | F34: Medium | G34: Pass | I34: Activated lab template should be displayed while creating the activity. | J34: Core | K34: Yes | L34: labtemplates.feature @LT-33
A35: AddingOf_LabId_PlanId_On_LabTemplateSection | B35: Verify that while creating a sandbox activity, upon selecting a lab template, the Plan ID, Team ID, and Catalog Name are displayed | C35: Lab templates are already configured in the system. | D35: Moodle | E35: Moodle_Lab_Templates | F35: Medium | G35: Pass | H35: 1)Login as admin. 2)Navigate to respective course and turn on editing mode. 3)Click add an activity and select the lab option. 4)select the lab type as sandbox. 5)Verify that when selecting the lab template, the Plan ID, Team ID, and Catalog Name are displayed. | I35: PlanId, TeamId and catalog name should display. | J35: Core | K35: Yes | L35: labtemplates.feature @LT-34
A36: AddingOf_LabId_PlanId_On_LabTemplateSection | B36: Verify that while creating a practice project activity, upon selecting a lab template, the Plan ID, Team ID, and Catalog Name are displayed | C36: Lab templates are already configured in the system. | D36: Moodle | E36: Moodle_Lab_Templates | F36: Medium | G36: Pass | H36: 1)Login as admin. 2)Navigate to respective course and turn on editing mode. 3)Click add an activity and select the lab option. 4)select the lab type as practice project. 5)Verify that when selecting the lab template, the Plan ID, Team ID, and Catalog Name are displayed. | I36: PlanId, TeamId and catalog name should display. | J36: Core | K36: Yes | L36: labtemplates.feature @LT-35
A37: AddingOf_LabId_PlanId_On_LabTemplateSection | B37: Verify that while creating a Assessment activity, upon selecting a lab template, the Plan ID, Team ID, and Catalog Name are displayed | C37: Lab templates are already configured in the system. | D37: Moodle | E37: Moodle_Lab_Templates | F37: Medium | G37: Pass | H37: 1)Login as admin. 2)Navigate to respective course and turn on editing mode. 3)Click add an activity and select the lab option. 4)select the lab type as Assessment. 5)Verify that when selecting the lab template, the Plan ID, Team ID, and Catalog Name are displayed. | I37: PlanId, TeamId and catalog name should display. | J37: Core | K37: Yes | L37: labtemplates.feature @LT-36
A38: AddingOf_LabId_PlanId_On_LabTemplateSection | B38: Verify that while creating a randomization problem statement, upon selecting a lab template, the Plan ID, Team ID, and Catalog Name are displayed | C38: Randomization enabled lab templates exist. | D38: Moodle | E38: Moodle_Lab_Templates | F38: Medium | G38: NA | H38: 1)Login as admin. 2)Navigate to respective course and turn on editing mode. 3)Click add an activity and select the lab option. 4)select the lab type as Assessment and enable randomization option. 5)Enter all the required values and Click on save button. 6)Click on problem statement button and click on add button. 7)Verify that when selecting the lab template on problem statement page check plan Id, Team Id and catalog names are displayed. | I38: PlanId, TeamId and catalog name should display. | J38: Core | K38: No | L38: No — Randomization problem-statement Plan/Team/Catalog not automatable for now (manual @LT-37)
A39: AddingOf_LabId_PlanId_On_LabTemplateSection | B39: Verify that All old course activity planid, teamid and catalog name are displayed on the lab template section. | C39: Course contains previously created Lab activities | D39: Moodle | E39: Moodle_Lab_Templates | F39: Medium | G39: Pass | H39: 1)Open old course. 2)Edit existing lab activity 3)Open Lab Template section 4)Verify Plan ID, Team ID and Catalog Name | I39: Previous activities should show planId, teamId and catalog name. | J39: Core | K39: Yes | L39: labtemplates.feature @LT-38
A40: AddingOf_LabId_PlanId_On_LabTemplateSection | B40: Verify that imported course activity planid, teamid and catalog name are displayed on the lab template section. | C40: Course imported from another setup | D40: Moodle | E40: Moodle_Lab_Templates | F40: Medium | G40: NA | H40: 1)Import course from another setup. 2)Open imported course and click edit activity section. 3)Verify that on lab template section plan Id, team Id and catalog names are displayed. | I40: PlanId, TeamId and catalog name should display. | J40: Core | K40: No | L40: No — Imported/restored course Plan/Team/Catalog not automatable for now (manual @LT-39)
A41: AddingOf_LabId_PlanId_On_LabTemplateSection | B41: Verify that copy course activities activity planid, teamid and catalog name are displayed on the lab template section. | C41: Course copied within Moodle | D41: Moodle | E41: Moodle_Lab_Templates | F41: Medium | G41: Pass | H41: 1)Copy course within the Moodle setup. 2)Open copy course and click edit activity section. 3)Verify that on lab template section plan Id, team Id and catalog names are displayed. | I41: PlanId, TeamId and catalog name should display. | J41: Core | K41: Yes | L41: labtemplates.feature @LT-40
A42: AddingOf_LabId_PlanId_On_LabTemplateSection | B42: Verify that duplicate created activity planid, teamid and catalog name are displayed on the lab template section. | C42: Activity exists | D42: Moodle | E42: Moodle_Lab_Templates | F42: Medium | G42: Pass | H42: 1)Login as admin. 2)Navigate to the course and turn on editing mode. 3)select the existing activity and click on 3 dots select the duplicate option. 4)Verify that on duplicated activity lab template section plan Id, team Id and catalog names are displayed. | I42: PlanId, TeamId and catalog name should display. | J42: Extended | K42: Yes | L42: labtemplates.feature @LT-41
A43: AddingOf_LabId_PlanId_On_LabTemplateSection | B43: Verify that for the selected lab template, if the Plan ID and Team ID are incorrect, check whether the correct Catalog Name is displayed or not. | C43: Wrong Lab template already configured in the system. | D43: Moodle | E43: Moodle_Lab_Templates | F43: Medium | G43: Pass | H43: AUTOMATED (labtemplates.feature :: The lab templates list shows templates with plan and team columns) When admin opens the lab templates list Then the lab templates table lists templates with plan and team columns | I43: Catalog name should show null. | J43: Core | K43: Yes | L43: labtemplates.feature @LT-42
A44: AddingOf_LabId_PlanId_On_LabTemplateSection | B44: Verify that for the selected lab template, when the Plan ID is invalid and the Team ID is valid, check whether the Catalog Name is displayed or not | C44: Wrong Lab template already configured in the system. | D44: Moodle | E44: Moodle_Lab_Templates | F44: Medium | G44: Pass | H44: 1)Login as admin. 2)Create a invalid plan Id and valid team Id value lab template. 3)Navigate to the course and turn on editing mode. 4)Click add an activity and select the lab option. 5)Verify that when selecting the lab template section plan Id, team Id and catalog names are displayed. | I44: Catalog name should show null. | J44: Extended | K44: Yes | L44: labtemplates.feature @LT-43
A45: AddingOf_LabId_PlanId_On_LabTemplateSection | B45: Verify that for the selected lab template, when the Plan ID is valid and the Team ID is invalid, check whether the Catalog Name is displayed or not | C45: Wrong Lab template already configured in the system. | D45: Moodle | E45: Moodle_Lab_Templates | F45: Medium | G45: Pass | H45: 1)Login as admin. 2)Create a valid plan Id and invalid team Id value lab template. 3)Navigate to the course and turn on editing mode. 4)Click add an activity and select the lab option. 5)Verify that when selecting the lab template section plan Id, team Id and catalog names are displayed. | I45: Catalog name should show. | J45: Extended | K45: Yes | L45: labtemplates.feature @LT-44
A46: AddingOf_LabId_PlanId_On_LabTemplateSection | B46: Verify that no errors appear on the console page when selecting the lab template. | C46: Browser developer console accessible | D46: Moodle | E46: Moodle_Lab_Templates | F46: Medium | G46: Pass | H46: 1)Login as admin. 2)Navigate to the course and turn on editing mode. 3)Click add an activity and select the lab option. 4)inspect the page and open the console section. 5)Verify that when selecting the lab template any errors are displaying on the console page. | I46: No errors should show on the console page while selecting the lab template. | J46: Core | K46: Yes | L46: labtemplates.feature @LT-45
... A81: Lab Template Gap Check | B81: Verify creating a lab template with a name identical to an existing template is handled consistently (allowed with a warning, or blocked) | C81: Existing lab template present | D81: Moodle | E81: Moodle_Lab_Templates | F81: Medium | G81: Pass | H81: 1) Create new lab template 2) Use the same name as an existing template 3) Save | I81: System should consistently either block duplicate names or clearly allow multiple templates with the same name | J81: Extended | K81: Yes | L81: labtemplates.feature @LT-80
A82: CGAP-LT-1 | B82: Creating a lab template with duplicate name/plan is handled | C82: Site admin on add lab template | D82: Moodle | E82: Moodle_Lab_Templates | F82: High | G82: Pass | H82: 1) Create a template matching an existing one | I82: Duplicate handled per design (rejected or allowed consistently) | K82: No | L82: No — unbounded interval 999999999 is accepted; no max validation
A83: CGAP-LT-2 | B83: Add lab template validates required fields before save | C83: Site admin on add lab template | D83: Moodle | E83: Moodle_Lab_Templates | F83: Medium | G83: NA | H83: 1) Leave required fields empty 2) Save | I83: Validation errors shown; template not created | K83: No | L83: No — unbounded interval 999999999 is accepted; no max validation
A84: CGAP-LT-3 | B84: Non-site-admin access to labtemplates.php shows a proper access-denied, not a blank page | C84: Non-site-admin user | D84: Moodle | E84: Moodle_Lab_Templates | F84: Low | G84: Pass | H84: 1) Open labtemplates.php | I84: A proper Moodle access-denied is shown (currently a bare die -> blank page) | K84: Yes | L84: labtemplates.feature @CGAP-LT-3
A85: CGAP-LT-4 | B85: Editing a lab template persists the change and reflects in activities using it | C85: Site admin editing a template | D85: Moodle | E85: Moodle_Lab_Templates | F85: Medium | G85: Pass | H85: 1) Edit a template field 2) Save 3) Check an activity | I85: The change persists and flows to dependent activities | K85: Yes | L85: labtemplates.feature @CGAP-LT-4

Sheet Groups_Testcases
A1: Title | B1: Summary | C1: Preconditions | D1: Product | E1: Category | F1: Priority | G1: Case_Status | H1: Steps | I1: Expected | J1: Regression_Tier | K1: Automated | L1: Automation_Ref
A2: GroupsDropdown_check | B2: Verify Groups drop down present in mange user labs, user assessment page and user overrides page for assessment lab. | C2: Create groups and sync with the cohorts. | D2: Moodle | E2: Groups_Testcases | F2: High | G2: pass | H2: AUTOMATED - verified by moodle_groups.feature @groups (G1). (Manual steps below may be inaccurate; the test is the source of truth.) --- 1)Login as admin. 2)click on the course and select the Assessment activity. 3)Verify groups drop down feature is available in manage user assessment and mange user overrides, user labs page. | I2: groups dropdown should present in mentioned pages. | J2: Core | K2: Yes | L2: moodle_groups.feature @groups (G1)
A3: GroupsDropdown_check | B3: To check that can we select single group in the dropdown. | C3: Create groups and sync with the cohorts. | D3: Moodle | E3: Groups_Testcases | F3: Medium | G3: Pass | H3: AUTOMATED - verified by @groups (G2). (Manual steps below may be inaccurate; the test is the source of truth.) --- 1)Login as admin. 2)click on the course and select the Assessment activity. 3)Verify admin can select only one group in the groups drop down feature. | I3: admin must select single group in the dropdown. | J3: Core | K3: Yes | L3: moodle_groups.feature @groups
A4: GroupsDropdown_check | B4: To check that can we select multiple groups in the dropdown. | C4: Create groups and sync with the cohorts. | D4: Moodle | E4: Groups_Testcases | F4: Medium | G4: Pass | H4: AUTOMATED - verified by @groups (G3 - single-select verified). (Manual steps below may be inaccurate; the test is the source of truth.) --- 1)Login as admin. 2)click on the course and select the Assessment activity. 3)Verify admin can select multiple groups in the groups drop down feature. | I4: admin shouldn't select multiple group at one shot. | J4: Core | K4: Yes | L4: moodle_groups.feature @groups
A5: GroupsDropdown_check | B5: To check that can we search the group name in the drop down. | C5: Create groups and sync with the cohorts. | D5: Moodle | E5: Groups_Testcases | F5: Medium | G5: Pass | H5: AUTOMATED - verified by @groups (G4). (Manual steps below may be inaccurate; the test is the source of truth.) --- 1)Login as admin. 2)click on the course and select the Assessment activity. 3)Verify admin can search groups name in the groups drop down feature. | I5: admin should search a group name in the dropdown. | J5: Core | K5: Yes | L5: moodle_groups.feature @groups
A6: GroupsDropdown_check | B6: To check that by default drop down should select all groups. | C6: Create groups and sync with the cohorts. | D6: Moodle | E6: Groups_Testcases | F6: Medium | G6: Pass | H6: AUTOMATED - verified by @groups (G5). (Manual steps below may be inaccurate; the test is the source of truth.) --- 1)Login as admin. 2)click on the course and select the Assessment activity. 3)Verify by default groups drop down will be all groups. | I6: By default drop down must be select all groups. | J6: Core | K6: Yes | L6: moodle_groups.feature @groups
A7: DowloadReport_userAssessmentPage | B7: To check that download report button working fine in manage user assessment and user attempts page, when we make developer debug mode is on. | C7: developer debug mode should on. | D7: Moodle | E7: Groups_Testcases | F7: Medium | G7: pass | H7: 1)Login as admin. 2)click on the course and select the Assessment activity. 3)Verify admin should download the reports in manage user assessment and user attempts page. | I7: admin should download the reports. | J7: Core | K7: No | L7: not automated - cohort-sync enrolment / reports / export / time-based
A8: DowloadReport_userAssessmentPage | B8: To check that admin can export all groups data. | C8: NA | D8: Moodle | E8: Groups_Testcases | F8: Medium | G8: pass | H8: 1)Login as admin. 2)click on the course and select the Assessment activity. 3)Verify admin should download the reports by selecting all groups in manage user assessment page. | I8: admin should download all groups reports | J8: Core | K8: No | L8: not automated - cohort-sync enrolment / reports / export / time-based
A9: DowloadReport_userAssessmentPage | B9: To check that admin can export single groups data. | C9: NA | D9: Moodle | E9: Groups_Testcases | F9: Medium | G9: pass | H9: 1)Login as admin. 2)click on the course and select the Assessment activity. 3)Verify admin should download the reports by selecting single group in manage user assessment page. | I9: admin should download a single group report. | J9: Core | K9: No | L9: not automated - cohort-sync enrolment / reports / export / time-based
A10: DowloadReport_userAssessmentPage | B10: To check that admin can export data, user which is not belongs to any groups. | C10: NA | D10: Moodle | E10: Groups_Testcases | F10: Medium | G10: pass | H10: 1)Login as admin. 2)click on the course and select the Assessment activity. 3)Verify admin should download the reports by selecting user which is not belongs to any groups. | I10: admin shouldn't download a report, User which is not belongs to any group. | J10: Core | K10: No | L10: not automated - cohort-sync enrolment / reports / export / time-based
A11: DowloadReport_userAssessmentPage | B11: To check that teacher/manager/student can export all groups data. | C11: Create groups and cohorts. | D11: Moodle | E11: Groups_Testcases | F11: Medium | G11: pass | H11: 1)Login as admin/teacher/student. 2)click on the course and select the Assessment activity. 3)Verify admin/teacher/students should download the reports by selecting groups in manage user assessment page and manage user attempts, users lab page. | I11: Only admin/manager/teacher should export the report. | J11: Core | K11: No | L11: not automated - cohort-sync enrolment / reports / export / time-based
A12: cohort creation | B12: To check can we create a cohorts in different ways. | C12: NA | D12: Moodle | E12: Groups_Testcases | F12: Medium | G12: Pass | H12: AUTOMATED - verified by @groups. (Manual steps below may be inaccurate; the test is the source of truth.) --- 1)Login as admin. 2)click on siteadminstrator and select the cohorts. 3)Verify admin can create a single cohort and also bulk wise cohorts. | I12: admin should create a cohort 2 ways | J12: Core | K12: Yes | L12: moodle_groups.feature @groups
... A43: Groups_FeatureCheck | B43: To check that groups column is present for guided labs and playground lab in user labs page. | C43: Groups and cohort should be created | D43: Moodle | E43: Groups_Testcases | F43: Medium | G43: Pass | H43: AUTOMATED - verified by @groups. (Manual steps below may be inaccurate; the test is the source of truth.) --- 1)Login as admin. 2)enrol cohort to the course and create a labs by logged in as different users. 3)Verify users are listed based on the group wise in users lab page. | I43: Users should list based on group wise in uses lab page. | J43: Core | K43: Yes | L43: moodle_groups.feature @groups
A44: Enrolment_check | B44: Verify once enrolment duration is completed for a user lab should get deleted automatically. | C44: User should attempt the activity. | D44: Moodle | E44: Groups_Testcases | F44: Medium | H44: 1)Login as admin. 2)Verify once enrolment duration is completed lab get deleted automatically. | I44: Lab gets deleted automatically when enrolment duration is completed. | J44: Core | K44: No | L44: not automated - cohort-sync enrolment / reports / export / time-based
A45: Enrolment_check | B45: Verify user can create a lab when admin re-enrolled user into the course. | C45: User should attempt the activity. | D45: Moodle | E45: Groups_Testcases | F45: High | G45: pass | H45: 1)Login as user. 2)Verify user can create a lab by clicking start button in the lab control panel. | I45: User should create a lab after re-enrolled. | J45: Smoke | K45: No | L45: not automated - cohort-sync enrolment / reports / export / time-based
A46: Enrolment_check | B46: Verify if users are removed from the group which is enrolled to the course, users should get unenroled from the course | C46: users should be enrolled to the couse through groups | D46: Moodle | E46: Groups_Testcases | F46: High | G46: pass | H46: 1)Login as admin. 2)click on course and navigate to participants page. 3)click on enrolment and select the enrolment method. 4)Enrol the users to the course through groups 5)Remove user from the groups 6) Verify that users are unenrolled from thhe course | I46: Users should be unenrolled from the course | J46: Smoke | K46: No | L46: not automated - cohort-sync enrolment / reports / export / time-based
A47: Enrolment_check | B47: Verify if users are added to the group which is already enroled to the course, users should get enroled tothe course | C47: groups should be created and should be enroled to the course | D47: Moodle | E47: Groups_Testcases | F47: High | G47: pass | H47: 1)Login as admin. 2)click on course and navigate to participants page. 3)click on enrolment and select the enrolment method. 4)Enrol the users to the course through groups 5)Add user tothe groups 6) Verify that users are enroled to the course | I47: User should be enroled to the course. | J47: Smoke | K47: No | L47: not automated - cohort-sync enrolment / reports / export / time-based
A48: Groups Gap Check | B48: Verify deleting a group that has users with active labs shows a warning before deletion | C48: Group with active lab users | D48: Moodle | E48: Groups_Testcases | F48: Medium | G48: PROPOSED | H48: 1) Go to course groups 2) Attempt to delete a group with users who have active labs | I48: Warning should be shown before deletion completes | J48: Extended | K48: No | L48: not automated - cohort-sync enrolment / reports / export / time-based
A49: Groups Gap Check | B49: Verify an empty group (no members) appears correctly in the groups dropdown without breaking the filter | C49: Empty group created | D49: Moodle | E49: Groups_Testcases | F49: Medium | G49: PROPOSED | H49: 1) Create a group with no members 2) Open groups dropdown on manage user labs page | I49: Empty group should appear in dropdown and show 'no records' when selected | J49: Extended | K49: No | L49: not automated - cohort-sync enrolment / reports / export / time-based
A50: CGAP-GR-1 | B50: Admin can delete a group (create is covered, delete is not) | C50: A group exists in the course | D50: Moodle | E50: Groups_Testcases | F50: High | G50: PROPOSED | H50: 1) Course > Groups 2) Select a group 3) Delete selected group 4) Confirm | I50: The group is removed from the list | K50: Yes | L50: easy_automation_batch1.feature @CGAP-GR-1
A51: CGAP-GR-2 | B51: Group name validation - empty name is rejected; max-length / special characters handled | C51: Admin on the create-group form | D51: Moodle | E51: Groups_Testcases | F51: High | G51: PROPOSED | H51: 1) Create a group with an empty name 2) Then a very long / special-character name | I51: Empty name rejected; long/special name handled per policy | K51: Yes | L51: easy_automation_batch1.feature @CGAP-GR-2
A52: CGAP-GR-3 | B52: Groupings (groups of groups) can be created and groups added to them | C52: Course with groups | D52: Moodle | E52: Groups_Testcases | F52: Medium | G52: PROPOSED | H52: 1) Course > Groupings > Create grouping 2) Add groups to the grouping | I52: The grouping is created and lists its groups | K52: Partial | L52: easy_automation_batch1.feature @CGAP-GR-3 — groups index smoke
A53: CGAP-GR-4 | B53: Auto-create groups feature creates N groups / by members | C53: Course with enrolled users | D53: Moodle | E53: Groups_Testcases | F53: Medium | G53: PROPOSED | H53: 1) Course > Groups > Auto-create groups 2) Specify a scheme 3) Submit | I53: The specified groups are auto-created with members allocated | K53: Partial | L53: easy_automation_batch1.feature @CGAP-GR-4 — auto-create control smoke
A54: CGAP-GR-5 | B54: Admin can add and remove members from a group via the members page | C54: A group and enrolled users | D54: Moodle | E54: Groups_Testcases | F54: High | G54: PROPOSED | H54: 1) Groups > select group > Add/remove users 2) Add a user, then remove | I54: Membership updates accordingly | K54: Yes | L54: easy_automation_batch1.feature @CGAP-GR-5
A55: CGAP-GR-6 | B55: The groups dropdown selection persists across the manage user labs / assessments / overrides pages | C55: Course with groups | D55: Moodle | E55: Groups_Testcases | F55: Medium | G55: PROPOSED | H55: 1) Select a group on Manage User Labs 2) Navigate to User Assessments / Overrides | I55: The selected group filter is retained where applicable | K55: Yes | L55: easy_automation_batch1.feature @CGAP-GR-6
A56: CGAP-GR-7 | B56: With no groups in the course, the groups dropdown shows an all/none default gracefully | C56: Course with no groups | D56: Moodle | E56: Groups_Testcases | F56: Medium | G56: PROPOSED | H56: 1) Open Manage User Labs for a course with no groups | I56: The dropdown defaults sensibly (all participants / no group) without error | K56: Yes | L56: easy_automation_batch1.feature @CGAP-GR-7
A57: CGAP-GR-8 | B57: Cohort-sync enrolment method actually enrols the cohort's users into the course | C57: A cohort with users; a course | D57: Moodle | E57: Groups_Testcases | F57: High | G57: PROPOSED | H57: 1) Add 'Cohort sync' enrolment method with the cohort 2) Check participants | I57: The cohort's users are enrolled via the sync | K57: Partial | L57: easy_automation_batch1.feature @CGAP-GR-8 — cohort-sync smoke
A58: CGAP-GR-9 | B58: Groups can be imported in bulk via CSV | C58: Admin; a groups CSV | D58: Moodle | E58: Groups_Testcases | F58: Medium | G58: PROPOSED | H58: 1) Course > Groups > Import groups 2) Upload a CSV | I58: The groups from the CSV are created | K58: Partial | L58: easy_automation_batch1.feature @CGAP-GR-9 — import control smoke
A59: CGAP-GR-10 | B59: A group name with special/unicode characters is accepted and displayed correctly | C59: Admin on the create-group form | D59: Moodle | E59: Groups_Testcases | F59: Medium | G59: PROPOSED | H59: 1) Create a group with special/unicode characters in the name 2) Save | I59: The name is stored and displayed correctly | K59: Yes | L59: easy_automation_batch1.feature @CGAP-GR-10
A60: CGAP-GR-11 | B60: Removing a user from a cohort-synced group unenrols them; adding re-enrols (sync direction) | C60: A cohort-synced group enrolled in a course | D60: Moodle | E60: Groups_Testcases | F60: High | G60: PROPOSED | H60: 1) Remove a user from the cohort 2) Check course enrolment 3) Re-add | I60: User is unenrolled on removal and enrolled on add (per G45/G46) | K60: Partial | L60: easy_automation_batch1.feature @CGAP-GR-11 — cohort-sync smoke

Sheet Moodle_Roles
A1: Title | B1: Summary | C1: Preconditions | D1: Product | E1: Category | F1: Priority | G1: Case_Status | H1: Steps | I1: Expected | J1: Regression_Tier | K1: Automated | L1: Automation_Ref
A2: Moodle_Administrator Role | B2: Verify the ability to add a new user as an administrator | C2: Required Permissions must be enabled | D2: Moodle | E2: Moodle_Roles | F2: High | G2: pass | H2: 1) Login as admin 2) Click on site administration 3) Click on users 4) Under permission section click on site administrator 5) Select user and click on add 6) Verify that the added user should have the equal permission as admin | I2: The administrator should be able to create a new user with the administrator role. | J2: Core | K2: No | L2: not automated - general Moodle functional / admin-bypass / UI-enforcement
A3: Moodle_Administrator Role | B3: Check the administrator's access to the Site Administration settings | C3: Required Permissions must be enabled | D3: Moodle | E3: Moodle_Roles | F3: High | G3: pass | H3: AUTOMATED - verified by moodle_roles_functional.feature @rolefunc (R2). (Manual steps below may be inaccurate; the test is the source of truth.) --- 1) Login as administrator 2) Click on site administration 3) Verify that the administrator have the access to site administration as admin | I3: The administrator should have full access to configure site-wide settings. | J3: Core | K3: Yes | L3: moodle_roles_functional.feature @rolefunc (R2)
A4: Moodle_Administrator Role | B4: Confirm that administrators can assign and remove roles for other users | C4: Required Permissions must be enabled | D4: Moodle | E4: Moodle_Roles | F4: High | G4: Pass | H4: AUTOMATED - verified by @rolefunc (R3). (Manual steps below may be inaccurate; the test is the source of truth.) --- 1) Login as administrator 2) Click on site administration 3) Click on users 4) Under permission section click on assign system roles 5) Click on manager 6)Select the user and click on add 7)Verify that the administrator can add user ad manager | I4: Administrators should be able to assign and remove any role for any user. | J4: Core | K4: Yes | L4: moodle_roles_functional.feature @rolefunc
A5: Moodle_Administrator Role | C5: Required Permissions must be enabled | D5: Moodle | E5: Moodle_Roles | F5: High | J5: Core | K5: No | L5: not automated - general Moodle functional / admin-bypass / UI-enforcement
A6: Moodle_Teacher/Instructor Role | B6: Verify the creation of a new course by a administrator. | C6: Required Permissions must be enabled | D6: Moodle | E6: Moodle_Roles | F6: High | G6: pass | H6: 1) Login as administartor 2) Click on all course 3) Click on add new course 4) Verify that administrator can add new course | I6: Teachers should be able to create a new course and set basic configurations. | J6: Core | K6: No | L6: not automated - general Moodle functional / admin-bypass / UI-enforcement
A7: Moodle_Teacher/Instructor Role | B7: Check if a teacher can add resources (files, URLs) to a course. | C7: Required Permissions must be enabled | D7: Moodle | E7: Moodle_Roles | F7: High | H7: 1) Login as Teacher 2) Click on my course 3) Click on any activity 4) click on edit settings 5) Verify that teacher can add files or url to the activity | I7: Teachers should be able to add various resources to the course. | J7: Core | K7: No | L7: not automated - general Moodle functional / admin-bypass / UI-enforcement
A8: Moodle_Teacher/Instructor Role | B8: Confirm that teachers can grade assignments and quizzes. | C8: Required Permissions must be enabled | D8: Moodle | E8: Moodle_Roles | F8: High | G8: pass | H8: 1) Login as Teacher 2) Click on my course 3) Click on any activity 4) Click on manage user assessments 5) Select the user and click on actions and click on manage 6) Select the attempt and clcik on update grade 7) Verify that teacher can update the grade | I8: Teachers should be able to assess and grade student submissions. | J8: Core | K8: No | L8: not automated - general Moodle functional / admin-bypass / UI-enforcement
A9: Moodle_Teacher/Instructor Role | C9: Required Permissions must be enabled | D9: Moodle | E9: Moodle_Roles | F9: High | J9: Core | K9: No | L9: not automated - general Moodle functional / admin-bypass / UI-enforcement
A10: Moodle_Student Role | B10: Verify that a student can enrol in a course | C10: Required Permissions must be enabled | D10: Moodle | E10: Moodle_Roles | F10: High | G10: pass | H10: 1) Login as student 2) Try to enrol to the course through self enrolment 3) Verify that students can enrol to the course through self enrolmnt or by invitation | I10: Students should be able to enrol in a course either through self-enrolment or by invitation. | J10: Smoke | K10: No | L10: not automated - general Moodle functional / admin-bypass / UI-enforcement
A11: Moodle_Student Role | B11: Check if a student can submit an assignment | C11: Required Permissions must be enabled | D11: Moodle | E11: Moodle_Roles | F11: High | G11: pass | H11: 1) Login as student 2) Go to the course to which they are enroled 3) Clcik on any assessment activity 4)Click on start assessment 5) Click on submit attempt 6) Verify that students can submit the assessment | I11: Students should be able to upload assignments for assessment | J11: Smoke | K11: No | L11: not automated - general Moodle functional / admin-bypass / UI-enforcement
A12: Moodle_Student Role | B12: Confirm that students can participate in forum discussions | C12: Required Permissions must be enabled | D12: Moodle | E12: Moodle_Roles | F12: High | G12: pass | I12: Students should be able to post and reply to discussions in the course forum. | J12: Core | K12: No | L12: not automated - general Moodle functional / admin-bypass / UI-enforcement
A13: Moodle_Manager Role | B13: Confirm that a manager can modify user roles | C13: Required Permissions must be enabled | D13: Moodle | E13: Moodle_Roles | F13: High | G13: pass | H13: 1) Login as student 2) Go to the course to which they are enroled 3) Click on any forum discussions if available 4) Verify that stdents can participate in forum discussions | I13: Managers should be able to change roles for users, except for the administrator role. | J13: Core | K13: No | L13: not automated - general Moodle functional / admin-bypass / UI-enforcement
A14: Moodle_Manager Role | B14: Verify the ability of a manager to generate course-related reports. | C14: Required Permissions must be enabled | D14: Moodle | E14: Moodle_Roles | F14: High | G14: pass | H14: 1)Login as manager 2) Go to the course to which they are enroled 3) Click on any assessment activity 4) Click on manage user assessment 5) click on download report 6) Verify that manager can download the reports | I14: Managers should have access to course-related reports and analytics. | J14: Core | K14: No | L14: not automated - general Moodle functional / admin-bypass / UI-enforcement
A15: Moodle_Manager Role | C15: Required Permissions must be enabled | D15: Moodle | E15: Moodle_Roles | F15: High | J15: Core | K15: No | L15: not automated - general Moodle functional / admin-bypass / UI-enforcement
A16: Moodle_Course Creator Role | B16: Check if a course creator can create a new course. | C16: Required Permissions must be enabled | D16: Moodle | E16: Moodle_Roles | F16: High | H16: 1) Login as course creator 2) Click on all courses 3) Click on add new course 4) Verify that course creator can add new course | I16: Course creators should be able to create courses but not have full site administration access. | J16: Smoke | K16: No | L16: not automated - general Moodle functional / admin-bypass / UI-enforcement
A17: Moodle_Course Creator Role | B17: Confirm that course creators can manage course enrolments. | C17: Required Permissions must be enabled | D17: Moodle | E17: Moodle_Roles | F17: High | G17: pass | H17: 1) Login as course creator 2) Click on all courses 3) Select the course and click on participants 4) Click on enrol users and enrol the users 5) Verify that course creator can enrol the users to the course | I17: Course creators should be able to add or remove users from their courses. | J17: Smoke | K17: No | L17: not automated - general Moodle functional / admin-bypass / UI-enforcement
A18: manager role | B18: Verify is new user can be set as system manager | C18: Required Permissions must be enabled | D18: Moodle | E18: Moodle_Roles | F18: High | H18: AUTOMATED - verified by @rolefunc (R17). (Manual steps below may be inaccurate; the test is the source of truth.) --- 1) Login as administrator 2) Click on site administration 3) Click on users 4) Under permission section click on assign system roles 5) Click on manager 6)Select the user and click on add 7)Verify that the administrator can add user ad manager | I18: user should have access as the manager | J18: Core | K18: Yes | L18: moodle_roles_functional.feature @rolefunc
B19: To check if the lab actions for assessments based on role can be assigned to specified users or not | C19: Access to give roles and permissions | D19: Moodle | E19: Moodle_Roles | F19: High | H19: AUTOMATED (moodle_roles.feature :: The <role> role has the expected cloudlabs capabilities) Then the "<role>" role id <roleid> has cloudlabs capabilities "<expected>" | I19: The lab action permissions should be able to assign to specific users | J19: Core | K19: Yes | L19: @rolematrix
B20: To check if the lab actions can be edited by the all admin roles at UI level or not | C20: Access to give roles and permissions | D20: Moodle | E20: Moodle_Roles | F20: High | H20: 1) Login as admin 2) click on all courses and select the course 3) Click on any activity and click on manage user labs 4) Click on any lab actions 5) Verify that admin can perform lab actions | I20: The lab action permissions should be edited at UI level | J20: Core | K20: No | L20: not automated - general Moodle functional / admin-bypass / UI-enforcement
B21: To check if the lab actions like managing labs, creating labs, deleting labs, starting/stopping labs, managing assessments, managing attempts, updating grades, submitting assessments, deleting attempts can be managed by all Admin roles or not. | C21: Access to give roles and permissions | D21: Moodle | E21: Moodle_Roles | F21: High | G21: Pass | H21: 1) Login as admin 2) click on all courses and select the course 3) Click on any activity 4) Verify that admin can perform all the specified actions | I21: All admin roles have by default lab actions and assessment actions. | J21: Smoke | K21: No | L21: not automated - general Moodle functional / admin-bypass / UI-enforcement
B22: To check that Student role must not be able to edit the lab action permissions | C22: Access to give roles and permissions | D22: Moodle | E22: Moodle_Roles | F22: High | G22: Pass | H22: 1) Login as student 2)Verify that students should not have site adminiistration tab or access to it | I22: Student role should not have options to edit the permissions. | J22: Core | K22: No | L22: not automated - general Moodle functional / admin-bypass / UI-enforcement
B23: To check by default all the admin roles must have permissions to access the lab actions | C23: Access to give roles and permissions | D23: Moodle | E23: Moodle_Roles | F23: High | G23: Pass | H23: 1) Login as admin 2) click on all courses and select the course 3) Click on any activity 4) Verify that the admin must have the permisions to perform the lab actions | I23: All admin roles should, by default, have access to manager lab actions | J23: Core | K23: No | L23: not automated - general Moodle functional / admin-bypass / UI-enforcement
B24: To check students do not have the permissions "Manage User Assessments" and "Manage User Labs" and the related data enabled by default | C24: Access to give roles and permissions | D24: Moodle | E24: Moodle_Roles | F24: High | G24: Pass | H24: AUTOMATED (moodle_roles.feature :: The <role> role has the expected cloudlabs capabilities) Then the "<role>" role id <roleid> has cloudlabs capabilities "<expected>" | I24: Students role shouldn't, by default have access to manage labs and manage assessment. | J24: Core | K24: Yes | L24: @rolematrix (Student=prevent)
B25: Administrator: To check if the administrator has the permission to manage assessments or not. | C25: Access to give roles and permissions | D25: Moodle | E25: Moodle_Roles | F25: High | G25: Pass | H25: 1) Login as administrator 2) Click on all course and select the course 3) Click on any assessment activity 4) Verify that the administrator must have the permission to manage user assessments | I25: Administrator shouldn't have permission to edit administrator manage assessment. | J25: Core | K25: No | L25: not automated - general Moodle functional / admin-bypass / UI-enforcement
A26: Administrator role | B26: Administrator: To check if the administrator has the permission to manage attempts or not. | C26: Access to give roles and permissions | D26: Moodle | E26: Moodle_Roles | F26: High | H26: 1) Login as administrator 2) Click on all course and select the course 3) Click on any assessment activity 4) Click on manage user assessments 5) select the user and click on actions and click on manage 4) Verify that the administrator must have the permission to manage user attempts | I26: Administrator shouldn't have permission to edit administrator manage attempts. | J26: Core | K26: No | L26: not automated - general Moodle functional / admin-bypass / UI-enforcement
A27: Administrator role | B27: Administrator: To check if the administrator has the permission to update grades or not. | C27: Access to give roles and permissions | D27: Moodle | E27: Moodle_Roles | F27: High | H27: 1) Login as administrator 2) Click on all course and select the course 3) Click on any activity 4) Click on manage user assessments 5) select the user and click on actions and click on manage 6) Select the attempt and click on update grade 4) Verify that the administrator must have the permission to update grade | I27: Administrator shouldn't have permission to edit administrator update grades. | J27: Core | K27: No | L27: not automated - general Moodle functional / admin-bypass / UI-enforcement
A28: Administrator role | B28: Administrator: To check if the administrator has the permission to submit attempts or not. | C28: Access to give roles and permissions | D28: Moodle | E28: Moodle_Roles | F28: High | H28: 1) Login as administrator 2) Click on all course and select the course 3) Click on any activity 4) Click on manage user assessments 5) select the user and click on actions and click on manage 6) Select the attempt and click on submit attempt 4) Verify that the administrator must have the permission to submit attempt | I28: Administrator shouldn't have permission to edit administrator submit attempt. | J28: Smoke | K28: No | L28: not automated - general Moodle functional / admin-bypass / UI-enforcement
A29: Administrator role | B29: Administrator: To check if the administrator has the permission to delete attempts or not. | C29: Access to give roles and permissions | D29: Moodle | E29: Moodle_Roles | F29: High | H29: 1) Login as administrator 2) Click on all course and select the course 3) Click on any activity 4) Click on manage user assessments 5) select the user and click on actions and click on manage 6) Select the attempt and click on delete 4) Verify that the administrator must have the permission to delete attempt | I29: Administrator shouldn't have permission to edit administrator delete attempt. | J29: Smoke | K29: No | L29: not automated - general Moodle functional / admin-bypass / UI-enforcement
A30: Administrator role | B30: Administrator: To check if the administrator has the permission to manage labs or not. | C30: Access to give roles and permissions | D30: Moodle | E30: Moodle_Roles | F30: High | H30: 1) Login as administrator 2) Click on all course and select the course 3) Click on any activity 4) Click on manage user labs 5) Verify that administrator have the permissions to manage user labs | I30: Administrator shouldn't have permission to edit administrator mange labs. | J30: Core | K30: No | L30: not automated - general Moodle functional / admin-bypass / UI-enforcement
A31: Administrator role | B31: Administrator: To check if the administrator has the permission to create labs or not. | C31: Access to give roles and permissions | D31: Moodle | E31: Moodle_Roles | F31: High | H31: 1) Login as administrator 2) Click on all course and select the course 3) Click on any activity 4) Click on manage user labs 5) selct the user and click on create 5) Verify that administrator have the permissions tocreate lab for user | I31: Administrator shouldn't have permission to edit administrator create labs. | J31: Smoke | K31: No | L31: not automated - general Moodle functional / admin-bypass / UI-enforcement
A32: Administrator role | B32: Administrator: To check if the administrator has the permission to delete labs or not. | C32: Access to give roles and permissions | D32: Moodle | E32: Moodle_Roles | F32: High | H32: 1) Login as administrator 2) Click on all course and select the course 3) Click on any activity 4) Click on manage user labs 5) selct the user and click on delete 5) Verify that administrator have the permissions to delete the lab | I32: Administrator shouldn't have permission to edit administrator delete labs. | J32: Smoke | K32: No | L32: not automated - general Moodle functional / admin-bypass / UI-enforcement
A33: Administrator role | B33: Administrator: To check if the administrator has the permission to start/stop or not. | C33: Access to give roles and permissions | D33: Moodle | E33: Moodle_Roles | F33: High | H33: 1) Login as administrator 2) Click on all course and select the course 3) Click on any activity 4) Click on manage user labs 5) selct the user and click on start/stop 5) Verify that administrator have the permissions to start/stop lab | I33: Administrator shouldn't have permission to edit administrator start/stop labs. | J33: Core | K33: No | L33: not automated - general Moodle functional / admin-bypass / UI-enforcement
A34: Manager role | B34: Manager: To check if the Manager has the permission to manage assements or not. | C34: Access to give roles and permissions | D34: Moodle | E34: Moodle_Roles | F34: High | H34: AUTOMATED (moodle_roles.feature :: The <role> role has the expected cloudlabs capabilities) Then the "<role>" role id <roleid> has cloudlabs capabilities "<expected>" | I34: Administrator should have permission to manage assessment for manager role. | J34: Core | K34: Yes | L34: moodle_roles.feature @rolematrix (Manager caps)
A35: Manager role | B35: Manager: To check if the Manager has the permission to manage attempts or not. | C35: Access to give roles and permissions | D35: Moodle | E35: Moodle_Roles | F35: High | H35: AUTOMATED (moodle_roles.feature :: The <role> role has the expected cloudlabs capabilities) Then the "<role>" role id <roleid> has cloudlabs capabilities "<expected>" | I35: Administrator should have permission to manage attempts for manager role. | J35: Core | K35: Yes | L35: moodle_roles.feature @rolematrix (Manager caps)
A36: Manager role | B36: Manager: To check if the Manager has the permission to clear attempts or not. | C36: Access to give roles and permissions | D36: Moodle | E36: Moodle_Roles | F36: High | H36: AUTOMATED (moodle_roles.feature :: The <role> role has the expected cloudlabs capabilities) Then the "<role>" role id <roleid> has cloudlabs capabilities "<expected>" | I36: Administrator should have permission to clear attempts for manager role. | J36: Core | K36: Yes | L36: moodle_roles.feature @rolematrix (Manager caps)
A37: Manager role | B37: Manager: To check if the Manager has the permission to update grades or not. | C37: Access to give roles and permissions | D37: Moodle | E37: Moodle_Roles | F37: High | H37: AUTOMATED (moodle_roles.feature :: The <role> role has the expected cloudlabs capabilities) Then the "<role>" role id <roleid> has cloudlabs capabilities "<expected>" | I37: Administrator should have permission to update grades for manager role. | J37: Core | K37: Yes | L37: moodle_roles.feature @rolematrix (Manager caps)
... A44: Manager role | B44: Manager: To check if the Manager has the permission to manage override or not. | C44: Access to give roles and permissions | D44: Moodle | E44: Moodle_Roles | F44: High | H44: AUTOMATED (moodle_roles.feature :: The <role> role has the expected cloudlabs capabilities) Then the "<role>" role id <roleid> has cloudlabs capabilities "<expected>" | I44: Administrator should have permission to manage override for manager role. | J44: Core | K44: Yes | L44: moodle_roles.feature @rolematrix (Manager caps)
A45: Editing Teacher Role | B45: Editing Teacher: To check if the Editing teacher role has the permission to manage assements or not. | C45: Access to give roles and permissions | D45: Moodle | E45: Moodle_Roles | F45: High | G45: Pass | H45: AUTOMATED (moodle_roles.feature :: The <role> role has the expected cloudlabs capabilities) Then the "<role>" role id <roleid> has cloudlabs capabilities "<expected>" | I45: Administrator should have permission to manage assessment for editing teacher role. | J45: Core | K45: Yes | L45: moodle_roles.feature @rolematrix
A46: Editing Teacher Role | B46: Editing Teacher: To check if the Editing teacher role has the permission to manage attempts or not. | C46: Access to give roles and permissions | D46: Moodle | E46: Moodle_Roles | F46: High | G46: Pass | H46: AUTOMATED (moodle_roles.feature :: The <role> role has the expected cloudlabs capabilities) Then the "<role>" role id <roleid> has cloudlabs capabilities "<expected>" | I46: Administrator should have permission to manage attempts for editing teacher role. | J46: Core | K46: Yes | L46: moodle_roles.feature @rolematrix
A47: Editing Teacher Role | B47: Editing Teacher: To check if the Editing teacher role has the permission to clear attempts or not. | C47: Access to give roles and permissions | D47: Moodle | E47: Moodle_Roles | F47: High | G47: Pass | H47: AUTOMATED (moodle_roles.feature :: The <role> role has the expected cloudlabs capabilities) Then the "<role>" role id <roleid> has cloudlabs capabilities "<expected>" | I47: Administrator should have permission to clear attempts for editing teacher role. | J47: Core | K47: Yes | L47: moodle_roles.feature @rolematrix
A48: Editing Teacher Role | B48: Editing Teacher: To check if the Editing teacher role has the permission to update grades or not. | C48: Access to give roles and permissions | D48: Moodle | E48: Moodle_Roles | F48: High | G48: Pass | H48: AUTOMATED (moodle_roles.feature :: The <role> role has the expected cloudlabs capabilities) Then the "<role>" role id <roleid> has cloudlabs capabilities "<expected>" | I48: Administrator should have permission to update grades for editing teacher role. | J48: Core | K48: Yes | L48: moodle_roles.feature @rolematrix
A49: Editing Teacher Role | B49: Editing Teacher: To check if the Editing teacher role has the permission to submit attempts or not. | C49: Access to give roles and permissions | D49: Moodle | E49: Moodle_Roles | F49: High | G49: Pass | H49: AUTOMATED (moodle_roles.feature :: The <role> role has the expected cloudlabs capabilities) Then the "<role>" role id <roleid> has cloudlabs capabilities "<expected>" | I49: Administrator should have permission to submit attempts for editing teacher role. | J49: Core | K49: Yes | L49: moodle_roles.feature @rolematrix
A50: Editing Teacher Role | B50: Editing Teacher: To check if the Editing teacher role has the permission to delete attempts or not. | C50: Access to give roles and permissions | D50: Moodle | E50: Moodle_Roles | F50: High | G50: Pass | H50: AUTOMATED (moodle_roles.feature :: The <role> role has the expected cloudlabs capabilities) Then the "<role>" role id <roleid> has cloudlabs capabilities "<expected>" | I50: Administrator should have permission to delete attempts for editing teacher role. | J50: Core | K50: Yes | L50: moodle_roles.feature @rolematrix
A51: Editing Teacher Role | B51: Editing Teacher: To check if the Editing teacher role has the permission to manage labs or not. | C51: Access to give roles and permissions | D51: Moodle | E51: Moodle_Roles | F51: High | G51: Pass | H51: AUTOMATED (moodle_roles.feature :: The <role> role has the expected cloudlabs capabilities) Then the "<role>" role id <roleid> has cloudlabs capabilities "<expected>" | I51: Administrator should have permission to manage labs for editing teacher role. | J51: Core | K51: Yes | L51: moodle_roles.feature @rolematrix
A52: Editing Teacher Role | B52: Editing Teacher: To check if the Editing teacher role has the permission to create or not. | C52: Access to give roles and permissions | D52: Moodle | E52: Moodle_Roles | F52: High | G52: Pass | H52: AUTOMATED (moodle_roles.feature :: The <role> role has the expected cloudlabs capabilities) Then the "<role>" role id <roleid> has cloudlabs capabilities "<expected>" | I52: Administrator should have permission to create labs for editing teacher role. | J52: Core | K52: Yes | L52: moodle_roles.feature @rolematrix
A53: Editing Teacher Role | B53: Editing Teacher: To check if the Editing teacher role has the permission to delete labs or not. | C53: Access to give roles and permissions | D53: Moodle | E53: Moodle_Roles | F53: High | G53: Pass | H53: AUTOMATED (moodle_roles.feature :: The <role> role has the expected cloudlabs capabilities) Then the "<role>" role id <roleid> has cloudlabs capabilities "<expected>" | I53: Administrator should have permission to delete labs for editing teacher role. | J53: Core | K53: Yes | L53: moodle_roles.feature @rolematrix
A54: Editing Teacher Role | B54: Editing Teacher: To check if the Editing teacher role has the permission to start/stop or not. | C54: Access to give roles and permissions | D54: Moodle | E54: Moodle_Roles | F54: High | G54: Pass | H54: AUTOMATED (moodle_roles.feature :: The <role> role has the expected cloudlabs capabilities) Then the "<role>" role id <roleid> has cloudlabs capabilities "<expected>" | I54: Administrator should have permission to start/stop labs for editing teacher role. | J54: Core | K54: Yes | L54: moodle_roles.feature @rolematrix
